"zipcode","origin_county","origin_lat","origin_lon","destination","destination_lat","destination_lon","flow_count","Age","Disability","Income","Race"
"77002","Harris County","29.7594","-95.3594","Downtown Houston","29.7566137","-95.3588701","1","25-34","No","$25,000-$49,999","Asian or Pacific Islander"
"77002","Harris County","29.7594","-95.3594","Galveston","29.300128","-94.795846","1","25-34","No","$50,000-$74,999","Asian or Pacific Islander"
"77002","Harris County","29.7594","-95.3594","Galveston","29.300128","-94.795846","1","55-64","No","$75,000 or more","Hispanic/Latino"
"77002","Harris County","29.7594","-95.3594","Katy","29.7948568","-95.8165311","1","35-44","No","$75,000 or more","White"
"77002","Harris County","29.7594","-95.3594","NASA Johnson Space Center","29.5527935","-95.093071","1","35-44","Yes","$25,000-$49,999","Black"
"77002","Harris County","29.7594","-95.3594","Pearland","29.5636884","-95.2861747","1","55-64","No","$25,000-$49,999","White"
"77002","Harris County","29.7594","-95.3594","The Woodlands","30.1820388","-95.4846124","1","35-44","No","$75,000 or more","White"
"77003","Harris County","29.7489","-95.3391","Downtown Houston","29.7566137","-95.3588701","1","25-34","No","$75,000 or more","White"
"77003","Harris County","29.7489","-95.3391","Galveston","29.300128","-94.795846","1","25-34","No","$75,000 or more","White"
"77003","Harris County","29.7489","-95.3391","Galveston","29.300128","-94.795846","1","55-64","No","$75,000 or more","White"
"77003","Harris County","29.7489","-95.3391","Galveston","29.300128","-94.795846","1","55-64","No","Prefer not to answer","White"
"77003","Harris County","29.7489","-95.3391","NASA Johnson Space Center","29.5527935","-95.093071","2","25-34","No","$75,000 or more","White"
"77003","Harris County","29.7489","-95.3391","The Galleria","29.739332","-95.463878","1","55-64","No","$75,000 or more","White"
"77003","Harris County","29.7489","-95.3391","William P. Hobby Airport","29.6524","-95.27723","1","25-34","No","$75,000 or more","White"
"77003","Harris County","29.7489","-95.3391","Willowbrook Mall","29.960172","-95.539677","1","25-34","No","$75,000 or more","Asian or Pacific Islander"
"77004","Harris County","29.7247","-95.3625","Austin","30.264979","-97.746598","1","45-54","No","$50,000-$74,999","White"
"77004","Harris County","29.7247","-95.3625","Beaumont","30.0861523","-94.1020101","1","25-34","No","$25,000-$49,999","White"
"77004","Harris County","29.7247","-95.3625","Brenham","30.160692","-96.398466","1","25-34","No","$75,000 or more","White"
"77004","Harris County","29.7247","-95.3625","Dallas","32.7779765","-96.7962148","1","45-54","No","$50,000-$74,999","White"
"77004","Harris County","29.7247","-95.3625","El Paso","31.7601062","-106.4922918","1","45-54","No","$50,000-$74,999","White"
"77004","Harris County","29.7247","-95.3625","Galveston","29.300128","-94.795846","1","25-34","No","$25,000-$49,999","White"
"77004","Harris County","29.7247","-95.3625","Galveston","29.300128","-94.795846","1","25-34","No","$75,000 or more","White"
"77004","Harris County","29.7247","-95.3625","Galveston","29.300128","-94.795846","1","35-44","Yes","$75,000 or more","White"
"77004","Harris County","29.7247","-95.3625","Galveston","29.300128","-94.795846","1","45-54","No","$50,000-$74,999","White"
"77004","Harris County","29.7247","-95.3625","Galveston","29.300128","-94.795846","1","45-54","No","$75,000 or more","White"
"77004","Harris County","29.7247","-95.3625","Galveston","29.300128","-94.795846","1","55-64","No","$75,000 or more","White"
"77004","Harris County","29.7247","-95.3625","Galveston","29.300128","-94.795846","1","65+","Yes","$15,000-$24,999","Other"
"77004","Harris County","29.7247","-95.3625","George Bush Intercontinental Airport","29.9878157","-95.3414885","1","25-34","No","$50,000-$74,999","White"
"77004","Harris County","29.7247","-95.3625","Houston Community College","29.6425","-95.3896","1","35-44","No","$50,000-$74,999","White"
"77004","Harris County","29.7247","-95.3625","Katy","29.7948568","-95.8165311","1","25-34","No","$50,000-$74,999","Prefer not to answer"
"77004","Harris County","29.7247","-95.3625","NRG Park","29.68737","-95.41234","1","55-64","Yes","$25,000-$49,999","Other"
"77004","Harris County","29.7247","-95.3625","Richmond","29.576349","-95.765327","1","35-44","No","$50,000-$74,999","White"
"77004","Harris County","29.7247","-95.3625","San Antonio","29.4251712","-98.494614","1","35-44","Yes","$50,000-$74,999","White"
"77004","Harris County","29.7247","-95.3625","San Antonio","29.4251712","-98.494614","1","45-54","No","$50,000-$74,999","White"
"77004","Harris County","29.7247","-95.3625","Sugar Land","29.597075","-95.620971","1","18-24","No","$50,000-$74,999","White"
"77004","Harris County","29.7247","-95.3625","Sugar Land","29.597075","-95.620971","1","25-34","No","$50,000-$74,999","Prefer not to answer"
"77004","Harris County","29.7247","-95.3625","Sugar Land","29.597075","-95.620971","1","35-44","No","$75,000 or more","White"
"77004","Harris County","29.7247","-95.3625","The Galleria","29.739332","-95.463878","1","35-44","No","$50,000-$74,999","White"
"77004","Harris County","29.7247","-95.3625","The Woodlands","30.1820388","-95.4846124","1","25-34","No","$50,000-$74,999","Prefer not to answer"
"77004","Harris County","29.7247","-95.3625","Webster","29.5371685","-95.1278882","1","65+","Yes","$15,000-$24,999","Other"
"77005","Harris County","29.7179","-95.4263","Galveston","29.300128","-94.795846","1","35-44","No","$75,000 or more","White"
"77005","Harris County","29.7179","-95.4263","Galveston","29.300128","-94.795846","1","55-64","Prefer not to answer","$75,000 or more","White"
"77005","Harris County","29.7179","-95.4263","Galveston","29.300128","-94.795846","1","Under 18","No","$25,000-$49,999","White"
"77005","Harris County","29.7179","-95.4263","George Bush Intercontinental Airport","29.9878157","-95.3414885","1","35-44","No","$75,000 or more","White"
"77005","Harris County","29.7179","-95.4263","Hermann Park","29.7104426","-95.3911205","1","35-44","No","$75,000 or more","White"
"77005","Harris County","29.7179","-95.4263","The Galleria","29.739332","-95.463878","1","45-54","No","$75,000 or more","White"
"77005","Harris County","29.7179","-95.4263","William P. Hobby Airport","29.6524","-95.27723","1","35-44","No","$75,000 or more","White"
"77006","Harris County","29.7409","-95.3923","Austin","30.264979","-97.746598","1","45-54","Prefer not to answer","$25,000-$49,999","White"
"77006","Harris County","29.7409","-95.3923","Baytown","29.732081","-94.967821","1","25-34","No","$75,000 or more","White"
"77006","Harris County","29.7409","-95.3923","Downtown Houston","29.7566137","-95.3588701","2","25-34","No","$75,000 or more","White"
"77006","Harris County","29.7409","-95.3923","Downtown Houston","29.7566137","-95.3588701","2","55-64","No","$75,000 or more","White"
"77006","Harris County","29.7409","-95.3923","Dunlavy Street","29.7411995006","-95.4020506631","1","35-44","No","$50,000-$74,999","White"
"77006","Harris County","29.7409","-95.3923","Energy Corridor","29.78967","-95.69371","1","55-64","No","$75,000 or more","White"
"77006","Harris County","29.7409","-95.3923","Fulshear","29.693083","-95.900337","1","45-54","No","$50,000-$74,999","Asian or Pacific Islander"
"77006","Harris County","29.7409","-95.3923","Galveston","29.300128","-94.795846","1","25-34","No","$75,000 or more","White"
"77006","Harris County","29.7409","-95.3923","Galveston","29.300128","-94.795846","1","25-34","Prefer not to answer","Less than $15,000","Asian or Pacific Islander"
"77006","Harris County","29.7409","-95.3923","Galveston","29.300128","-94.795846","1","25-34","Yes","$25,000-$49,999","Asian or Pacific Islander"
"77006","Harris County","29.7409","-95.3923","Galveston","29.300128","-94.795846","1","35-44","No","$25,000-$49,999","American Indian or Alaska Native"
"77006","Harris County","29.7409","-95.3923","Galveston","29.300128","-94.795846","1","35-44","No","$75,000 or more","Prefer not to answer"
"77006","Harris County","29.7409","-95.3923","Galveston","29.300128","-94.795846","1","45-54","No","$50,000-$74,999","Asian or Pacific Islander"
"77006","Harris County","29.7409","-95.3923","Galveston","29.300128","-94.795846","1","45-54","Prefer not to answer","$25,000-$49,999","White"
"77006","Harris County","29.7409","-95.3923","George Bush Intercontinental Airport","29.9878157","-95.3414885","1","35-44","No","$75,000 or more","White"
"77006","Harris County","29.7409","-95.3923","George Bush Intercontinental Airport","29.9878157","-95.3414885","1","55-64","No","$75,000 or more","White"
"77006","Harris County","29.7409","-95.3923","Houston Heights","29.7980364","-95.3991244","1","55-64","No","$75,000 or more","White"
"77006","Harris County","29.7409","-95.3923","Houston Museum District","29.7298922","-95.3866012","1","55-64","No","$75,000 or more","White"
"77006","Harris County","29.7409","-95.3923","Katy","29.7948568","-95.8165311","1","45-54","No","$50,000-$74,999","Asian or Pacific Islander"
"77006","Harris County","29.7409","-95.3923","Katy","29.7948568","-95.8165311","1","55-64","No","$75,000 or more","White"
"77006","Harris County","29.7409","-95.3923","League City","29.507507","-95.095204","1","35-44","No","$50,000-$74,999","Prefer not to answer"
"77006","Harris County","29.7409","-95.3923","Montrose","29.73745","-95.390851","1","35-44","No","$75,000 or more","Hispanic/Latino"
"77006","Harris County","29.7409","-95.3923","Montrose","29.73745","-95.390851","1","55-64","No","$75,000 or more","White"
"77006","Harris County","29.7409","-95.3923","NASA Johnson Space Center","29.5527935","-95.093071","1","25-34","No","$75,000 or more","White"
"77006","Harris County","29.7409","-95.3923","NRG Stadium","29.6848655","-95.4108122","1","55-64","No","$75,000 or more","White"
"77006","Harris County","29.7409","-95.3923","Pearland","29.5636884","-95.2861747","1","45-54","No","$50,000-$74,999","Asian or Pacific Islander"
"77006","Harris County","29.7409","-95.3923","Pearland","29.5636884","-95.2861747","1","55-64","No","$75,000 or more","White"
"77006","Harris County","29.7409","-95.3923","Texas Medical Center","29.7117013","-95.3931416","1","35-44","No","$75,000 or more","Hispanic/Latino"
"77006","Harris County","29.7409","-95.3923","Texas Medical Center","29.7117013","-95.3931416","1","55-64","No","$75,000 or more","White"
"77006","Harris County","29.7409","-95.3923","Texas Medical Center","29.7117013","-95.3931416","1","65+","Yes","$75,000 or more","White"
"77006","Harris County","29.7409","-95.3923","The Woodlands","30.1820388","-95.4846124","1","55-64","No","$75,000 or more","White"
"77006","Harris County","29.7409","-95.3923","Third Ward","29.72818","-95.35495","1","55-64","No","$75,000 or more","White"
"77006","Harris County","29.7409","-95.3923","Toyota Center","29.7501922","-95.3625121","1","55-64","No","$75,000 or more","White"
"77006","Harris County","29.7409","-95.3923","University of Houston","29.7186641","-95.3400452","1","55-64","No","$75,000 or more","White"
"77006","Harris County","29.7409","-95.3923","William P. Hobby Airport","29.6524","-95.27723","1","35-44","No","$75,000 or more","White"
"77006","Harris County","29.7409","-95.3923","William P. Hobby Airport","29.6524","-95.27723","1","55-64","No","$75,000 or more","White"
"77007","Harris County","29.7736","-95.4034","Downtown Houston","29.7566137","-95.3588701","1","25-34","No","$75,000 or more","White"
"77007","Harris County","29.7736","-95.4034","Downtown Houston","29.7566137","-95.3588701","1","35-44","No","$75,000 or more","Prefer not to answer"
"77007","Harris County","29.7736","-95.4034","Downtown Houston","29.7566137","-95.3588701","1","45-54","No","$75,000 or more","Hispanic/Latino"
"77007","Harris County","29.7736","-95.4034","Galveston","29.300128","-94.795846","1","18-24","No","$75,000 or more","Hispanic/Latino"
"77007","Harris County","29.7736","-95.4034","Galveston","29.300128","-94.795846","1","25-34","No","$25,000-$49,999","Hispanic/Latino"
"77007","Harris County","29.7736","-95.4034","Galveston","29.300128","-94.795846","1","25-34","No","$50,000-$74,999","Prefer not to answer"
"77007","Harris County","29.7736","-95.4034","Galveston","29.300128","-94.795846","2","25-34","No","$75,000 or more","White"
"77007","Harris County","29.7736","-95.4034","Galveston","29.300128","-94.795846","1","25-34","Prefer not to answer","$25,000-$49,999","Asian or Pacific Islander"
"77007","Harris County","29.7736","-95.4034","Galveston","29.300128","-94.795846","1","65+","No","Less than $15,000","White"
"77007","Harris County","29.7736","-95.4034","Houston Heights","29.7980364","-95.3991244","1","25-34","No","$75,000 or more","White"
"77007","Harris County","29.7736","-95.4034","Kirkwood Road","29.2702182251","-98.7039314213","1","25-34","No","$75,000 or more","White"
"77007","Harris County","29.7736","-95.4034","NASA Johnson Space Center","29.5527935","-95.093071","1","25-34","No","$75,000 or more","White"
"77007","Harris County","29.7736","-95.4034","NASA Johnson Space Center","29.5527935","-95.093071","1","35-44","No","$75,000 or more","White"
"77007","Harris County","29.7736","-95.4034","The Galleria","29.739332","-95.463878","1","45-54","No","$75,000 or more","Hispanic/Latino"
"77008","Harris County","29.7991","-95.4118","Dallas","32.7779765","-96.7962148","1","65+","No","$50,000-$74,999","White"
"77008","Harris County","29.7991","-95.4118","Downtown Houston","29.7566137","-95.3588701","1","35-44","No","$75,000 or more","White"
"77008","Harris County","29.7991","-95.4118","Fifth Ward","29.776103","-95.33271","1","35-44","No","$75,000 or more","White"
"77008","Harris County","29.7991","-95.4118","Galveston","29.300128","-94.795846","1","25-34","No","$50,000-$74,999","Hispanic/Latino"
"77008","Harris County","29.7991","-95.4118","Galveston","29.300128","-94.795846","3","35-44","No","$75,000 or more","White"
"77008","Harris County","29.7991","-95.4118","Galveston","29.300128","-94.795846","1","35-44","Prefer not to answer","$25,000-$49,999","Prefer not to answer"
"77008","Harris County","29.7991","-95.4118","Galveston","29.300128","-94.795846","1","65+","No","$50,000-$74,999","White"
"77008","Harris County","29.7991","-95.4118","George Bush Intercontinental Airport","29.9878157","-95.3414885","1","35-44","No","$75,000 or more","White"
"77008","Harris County","29.7991","-95.4118","NASA Johnson Space Center","29.5527935","-95.093071","1","25-34","No","$75,000 or more","White"
"77008","Harris County","29.7991","-95.4118","Pearland","29.5636884","-95.2861747","1","35-44","No","$75,000 or more","Black"
"77008","Harris County","29.7991","-95.4118","William P. Hobby Airport","29.6524","-95.27723","1","35-44","No","$75,000 or more","White"
"77009","Harris County","29.7936","-95.3675","Austin","30.264979","-97.746598","1","35-44","No","$75,000 or more","White"
"77009","Harris County","29.7936","-95.3675","Galveston","29.300128","-94.795846","2","35-44","No","$75,000 or more","White"
"77009","Harris County","29.7936","-95.3675","Galveston","29.300128","-94.795846","2","55-64","No","$15,000-$24,999","White"
"77009","Harris County","29.7936","-95.3675","Galveston","29.300128","-94.795846","1","55-64","No","$50,000-$74,999","White"
"77009","Harris County","29.7936","-95.3675","George Bush Intercontinental Airport","29.9878157","-95.3414885","1","25-34","No","$75,000 or more","White"
"77009","Harris County","29.7936","-95.3675","George Bush Intercontinental Airport","29.9878157","-95.3414885","1","35-44","No","$75,000 or more","White"
"77009","Harris County","29.7936","-95.3675","Katy","29.7948568","-95.8165311","1","25-34","No","$75,000 or more","White"
"77009","Harris County","29.7936","-95.3675","William P. Hobby Airport","29.6524","-95.27723","1","25-34","No","$75,000 or more","White"
"77009","Harris County","29.7936","-95.3675","William P. Hobby Airport","29.6524","-95.27723","1","35-44","No","$75,000 or more","White"
"77011","Harris County","29.742","-95.3073","Deerbrook Mall","30.009539","-95.269566","1","25-34","No","$25,000-$49,999","Black"
"77011","Harris County","29.742","-95.3073","Downtown Houston","29.7566137","-95.3588701","1","25-34","No","Prefer not to answer","Hispanic/Latino"
"77011","Harris County","29.742","-95.3073","Midtown Houston","29.741687","-95.375702","1","25-34","No","Prefer not to answer","Hispanic/Latino"
"77011","Harris County","29.742","-95.3073","Montrose","29.73745","-95.390851","1","25-34","No","Prefer not to answer","Hispanic/Latino"
"77012","Harris County","29.7149","-95.2819","Friendswood","29.528515","-95.200012","1","65+","Yes","$15,000-$24,999","Hispanic/Latino"
"77012","Harris County","29.7149","-95.2819","Galveston","29.300128","-94.795846","1","18-24","No","$25,000-$49,999","Hispanic/Latino"
"77012","Harris County","29.7149","-95.2819","Houston Heights","29.7980364","-95.3991244","1","25-34","No","$75,000 or more","White"
"77012","Harris County","29.7149","-95.2819","Katy","29.7948568","-95.8165311","1","65+","Yes","$15,000-$24,999","Hispanic/Latino"
"77012","Harris County","29.7149","-95.2819","Pasadena","29.693379","-95.1933326","1","65+","Yes","$15,000-$24,999","Hispanic/Latino"
"77012","Harris County","29.7149","-95.2819","Pearland","29.5636884","-95.2861747","1","65+","Yes","$15,000-$24,999","Hispanic/Latino"
"77013","Harris County","29.7842","-95.2301","Clear Lake","29.582613","-95.138027","1","18-24","No","$25,000-$49,999","Hispanic/Latino"
"77013","Harris County","29.7842","-95.2301","University of Houston","29.7186641","-95.3400452","1","18-24","No","$25,000-$49,999","Hispanic/Latino"
"77015","Harris County","29.7853","-95.1852","Katy","29.7948568","-95.8165311","1","25-34","No","$75,000 or more","Prefer not to answer"
"77016","Harris County","29.8579","-95.3032","Humble","29.999022","-95.261315","1","45-54","No","$25,000-$49,999","Black"
"77016","Harris County","29.8579","-95.3032","Katy","29.7948568","-95.8165311","1","45-54","No","$25,000-$49,999","Black"
"77016","Harris County","29.8579","-95.3032","Missouri City","29.5961868","-95.5266922","1","45-54","No","$25,000-$49,999","Black"
"77016","Harris County","29.8579","-95.3032","Sugar Land","29.597075","-95.620971","1","45-54","No","$25,000-$49,999","Black"
"77016","Harris County","29.8579","-95.3032","The Woodlands","30.1820388","-95.4846124","1","45-54","No","$25,000-$49,999","Black"
"77017","Harris County","29.6863","-95.2555","La Porte","29.6641635","-95.0192828","1","55-64","No","$25,000-$49,999","Asian or Pacific Islander"
"77017","Harris County","29.6863","-95.2555","Pasadena","29.693379","-95.1933326","2","35-44","Yes","$50,000-$74,999","Hispanic/Latino"
"77018","Harris County","29.8272","-95.4266","Downtown Houston","29.7566137","-95.3588701","1","18-24","No","$75,000 or more","Asian or Pacific Islander"
"77018","Harris County","29.8272","-95.4266","Downtown Houston","29.7566137","-95.3588701","2","25-34","No","$75,000 or more","White"
"77018","Harris County","29.8272","-95.4266","Galveston","29.300128","-94.795846","1","18-24","No","$75,000 or more","Asian or Pacific Islander"
"77018","Harris County","29.8272","-95.4266","Galveston","29.300128","-94.795846","2","25-34","No","$75,000 or more","White"
"77018","Harris County","29.8272","-95.4266","Galveston","29.300128","-94.795846","1","35-44","No","$75,000 or more","Hispanic/Latino"
"77018","Harris County","29.8272","-95.4266","Galveston","29.300128","-94.795846","1","35-44","No","Less than $15,000","Black"
"77018","Harris County","29.8272","-95.4266","Galveston","29.300128","-94.795846","1","55-64","No","$75,000 or more","White"
"77018","Harris County","29.8272","-95.4266","George Bush Intercontinental Airport","29.9878157","-95.3414885","1","45-54","No","$75,000 or more","White"
"77018","Harris County","29.8272","-95.4266","NRG Park","29.68737","-95.41234","2","25-34","No","$75,000 or more","White"
"77018","Harris County","29.8272","-95.4266","Rosenberg","29.558248","-95.808826","1","18-24","No","$75,000 or more","Asian or Pacific Islander"
"77018","Harris County","29.8272","-95.4266","Shepherd Drive","30.9291308218","-97.5232151351","1","25-34","No","$75,000 or more","White"
"77019","Harris County","29.7517","-95.4054","Downtown Houston","29.7566137","-95.3588701","1","35-44","No","$75,000 or more","White"
"77019","Harris County","29.7517","-95.4054","Galveston","29.300128","-94.795846","1","25-34","No","$75,000 or more","Asian or Pacific Islander"
"77019","Harris County","29.7517","-95.4054","Galveston","29.300128","-94.795846","1","25-34","No","$75,000 or more","White"
"77019","Harris County","29.7517","-95.4054","Galveston","29.300128","-94.795846","1","35-44","No","$75,000 or more","No Response"
"77019","Harris County","29.7517","-95.4054","Katy","29.7948568","-95.8165311","1","25-34","No","$75,000 or more","Asian or Pacific Islander"
"77019","Harris County","29.7517","-95.4054","Montrose","29.73745","-95.390851","1","35-44","No","$75,000 or more","White"
"77019","Harris County","29.7517","-95.4054","NASA Johnson Space Center","29.5527935","-95.093071","1","25-34","No","$75,000 or more","White"
"77019","Harris County","29.7517","-95.4054","The Galleria","29.739332","-95.463878","1","35-44","No","$75,000 or more","White"
"77019","Harris County","29.7517","-95.4054","The Woodlands","30.1820388","-95.4846124","1","25-34","No","$75,000 or more","Asian or Pacific Islander"
"77020","Harris County","29.7758","-95.3121","Dallas","32.7779765","-96.7962148","1","25-34","No","$75,000 or more","Asian or Pacific Islander"
"77021","Harris County","29.6954","-95.3562","Baytown","29.732081","-94.967821","1","18-24","No","$25,000-$49,999","Hispanic/Latino"
"77021","Harris County","29.6954","-95.3562","Dallas","32.7779765","-96.7962148","1","35-44","No","$75,000 or more","Prefer not to answer"
"77021","Harris County","29.6954","-95.3562","Galveston","29.300128","-94.795846","1","18-24","No","$25,000-$49,999","Hispanic/Latino"
"77021","Harris County","29.6954","-95.3562","William P. Hobby Airport","29.6524","-95.27723","1","35-44","No","$75,000 or more","Prefer not to answer"
"77023","Harris County","29.7242","-95.3178","Baytown","29.732081","-94.967821","1","25-34","No","$75,000 or more","Hispanic/Latino"
"77023","Harris County","29.7242","-95.3178","Galveston","29.300128","-94.795846","1","18-24","No","$75,000 or more","Hispanic/Latino"
"77023","Harris County","29.7242","-95.3178","Galveston","29.300128","-94.795846","2","25-34","No","$75,000 or more","Hispanic/Latino"
"77023","Harris County","29.7242","-95.3178","Galveston","29.300128","-94.795846","2","35-44","No","$75,000 or more","White"
"77023","Harris County","29.7242","-95.3178","Galveston","29.300128","-94.795846","1","55-64","No","$75,000 or more","White"
"77023","Harris County","29.7242","-95.3178","George Bush Intercontinental Airport","29.9878157","-95.3414885","1","55-64","No","$75,000 or more","White"
"77023","Harris County","29.7242","-95.3178","Hempstead","30.096609","-96.082179","1","35-44","No","$75,000 or more","White"
"77023","Harris County","29.7242","-95.3178","Humble","29.999022","-95.261315","1","25-34","No","$75,000 or more","Hispanic/Latino"
"77023","Harris County","29.7242","-95.3178","Katy","29.7948568","-95.8165311","1","25-34","No","$75,000 or more","Hispanic/Latino"
"77023","Harris County","29.7242","-95.3178","Kingwood","30.052496","-95.204822","1","25-34","No","$75,000 or more","Hispanic/Latino"
"77023","Harris County","29.7242","-95.3178","League City","29.507507","-95.095204","1","25-34","No","$75,000 or more","Hispanic/Latino"
"77023","Harris County","29.7242","-95.3178","Pasadena","29.693379","-95.1933326","1","25-34","No","$75,000 or more","Hispanic/Latino"
"77023","Harris County","29.7242","-95.3178","Pearland","29.5636884","-95.2861747","1","25-34","No","$75,000 or more","Hispanic/Latino"
"77023","Harris County","29.7242","-95.3178","Sugar Land","29.597075","-95.620971","1","25-34","No","$75,000 or more","Hispanic/Latino"
"77023","Harris County","29.7242","-95.3178","The Woodlands","30.1820388","-95.4846124","1","25-34","No","$75,000 or more","Hispanic/Latino"
"77023","Harris County","29.7242","-95.3178","Webster","29.5371685","-95.1278882","1","25-34","No","$75,000 or more","Hispanic/Latino"
"77023","Harris County","29.7242","-95.3178","William P. Hobby Airport","29.6524","-95.27723","1","55-64","No","$75,000 or more","White"
"77024","Harris County","29.7696","-95.5201","Galveston","29.300128","-94.795846","1","65+","No","$75,000 or more","White"
"77025","Harris County","29.6889","-95.4341","Houston Heights","29.7980364","-95.3991244","1","35-44","No","$25,000-$49,999","Asian or Pacific Islander"
"77025","Harris County","29.6889","-95.4341","Sugar Land","29.597075","-95.620971","1","35-44","No","$25,000-$49,999","Asian or Pacific Islander"
"77026","Harris County","29.7972","-95.3288","Galveston","29.300128","-94.795846","2","65+","Yes","$25,000-$49,999","Black"
"77026","Harris County","29.7972","-95.3288","Humble","29.999022","-95.261315","1","65+","Yes","$25,000-$49,999","Black"
"77026","Harris County","29.7972","-95.3288","Kingwood","30.052496","-95.204822","1","65+","Yes","$25,000-$49,999","Black"
"77026","Harris County","29.7972","-95.3288","Sugar Land","29.597075","-95.620971","1","25-34","No","$25,000-$49,999","Hispanic/Latino"
"77026","Harris County","29.7972","-95.3288","The Woodlands","30.1820388","-95.4846124","1","65+","Yes","$25,000-$49,999","Black"
"77026","Harris County","29.7972","-95.3288","University of Houston","29.7186641","-95.3400452","1","25-34","No","$25,000-$49,999","Hispanic/Latino"
"77029","Harris County","29.763","-95.2567","Austin","30.264979","-97.746598","1","25-34","Prefer not to answer","$75,000 or more","Hispanic/Latino"
"77030","Harris County","29.7041","-95.401","Galveston","29.300128","-94.795846","1","18-24","No","$25,000-$49,999","White"
"77031","Harris County","29.6581","-95.5413","Galveston","29.300128","-94.795846","1","55-64","No","$50,000-$74,999","Prefer not to answer"
"77034","Harris County","29.6364","-95.2216","Clear Lake","29.582613","-95.138027","1","55-64","Yes","$15,000-$24,999","Hispanic/Latino"
"77034","Harris County","29.6364","-95.2216","Clear Lake","29.582613","-95.138027","1","65+","No","$50,000-$74,999","Hispanic/Latino"
"77034","Harris County","29.6364","-95.2216","George Bush Intercontinental Airport","29.9878157","-95.3414885","1","55-64","No","$75,000 or more","Asian or Pacific Islander"
"77034","Harris County","29.6364","-95.2216","League City","29.507507","-95.095204","1","55-64","Yes","$15,000-$24,999","Hispanic/Latino"
"77034","Harris County","29.6364","-95.2216","UTMB","29.31194","-94.77806","1","55-64","Yes","$15,000-$24,999","Hispanic/Latino"
"77035","Harris County","29.6518","-95.4854","William P. Hobby Airport","29.6524","-95.27723","1","18-24","No","$75,000 or more","Asian or Pacific Islander"
"77036","Harris County","29.6984","-95.5405","Galveston","29.300128","-94.795846","1","18-24","No","$25,000-$49,999","Asian or Pacific Islander"
"77041","Harris County","29.8602","-95.5817","Galveston","29.300128","-94.795846","1","25-34","No","$75,000 or more","White"
"77042","Harris County","29.7404","-95.5589","Dallas","32.7779765","-96.7962148","1","25-34","No","$75,000 or more","Other"
"77042","Harris County","29.7404","-95.5589","Galveston","29.300128","-94.795846","1","25-34","No","$75,000 or more","Asian or Pacific Islander"
"77042","Harris County","29.7404","-95.5589","Galveston","29.300128","-94.795846","1","45-54","No","$75,000 or more","White"
"77043","Harris County","29.8052","-95.5607","Conroe","30.313044","-95.458141","1","55-64","No","Less than $15,000","White"
"77043","Harris County","29.8052","-95.5607","Dallas","32.7779765","-96.7962148","1","55-64","No","Less than $15,000","White"
"77043","Harris County","29.8052","-95.5607","Fort Worth","32.749904","-97.330339","1","55-64","No","Less than $15,000","White"
"77044","Harris County","29.8635","-95.1976","Galveston","29.300128","-94.795846","1","35-44","No","$75,000 or more","Prefer not to answer"
"77046","Harris County","29.733","-95.4306","Energy Corridor","29.78967","-95.69371","1","25-34","No","$75,000 or more","Hispanic/Latino"
"77046","Harris County","29.733","-95.4306","Katy","29.7948568","-95.8165311","1","25-34","No","$75,000 or more","Hispanic/Latino"
"77049","Harris County","29.8235","-95.1848","Texas Medical Center","29.7117013","-95.3931416","1","45-54","Prefer not to answer","$50,000-$74,999","Asian or Pacific Islander"
"77051","Harris County","29.6579","-95.3688","Galveston","29.300128","-94.795846","1","45-54","No","$75,000 or more","Black"
"77051","Harris County","29.6579","-95.3688","MD Anderson Cancer Center","30.0012","-95.5613","1","35-44","No","Prefer not to answer","Asian or Pacific Islander"
"77051","Harris County","29.6579","-95.3688","Texas Medical Center","29.7117013","-95.3931416","1","35-44","No","Prefer not to answer","Asian or Pacific Islander"
"77054","Harris County","29.6852","-95.4017","Galveston","29.300128","-94.795846","1","55-64","No","$25,000-$49,999","Asian or Pacific Islander"
"77055","Harris County","29.7971","-95.4958","Downtown Houston","29.7566137","-95.3588701","1","35-44","No","$75,000 or more","White"
"77055","Harris County","29.7971","-95.4958","Galveston","29.300128","-94.795846","1","65+","Yes","$25,000-$49,999","White"
"77055","Harris County","29.7971","-95.4958","George Bush Intercontinental Airport","29.9878157","-95.3414885","1","55-64","Yes","$50,000-$74,999","Black"
"77055","Harris County","29.7971","-95.4958","Katy","29.7948568","-95.8165311","1","65+","Yes","$25,000-$49,999","White"
"77055","Harris County","29.7971","-95.4958","The Woodlands","30.1820388","-95.4846124","1","65+","Yes","$25,000-$49,999","White"
"77056","Harris County","29.7446","-95.4683","Galveston","29.300128","-94.795846","1","55-64","No","$75,000 or more","Hispanic/Latino"
"77056","Harris County","29.7446","-95.4683","Gessner Road","29.6187220932","-95.5381740801","1","55-64","No","$25,000-$49,999","Other"
"77057","Harris County","29.7422","-95.4903","Galveston","29.300128","-94.795846","1","25-34","No","$50,000-$74,999","Asian or Pacific Islander"
"77057","Harris County","29.7422","-95.4903","Galveston","29.300128","-94.795846","2","25-34","Yes","$25,000-$49,999","American Indian or Alaska Native"
"77057","Harris County","29.7422","-95.4903","Galveston","29.300128","-94.795846","1","35-44","No","$75,000 or more","Hispanic/Latino"
"77057","Harris County","29.7422","-95.4903","Galveston","29.300128","-94.795846","1","55-64","No","$75,000 or more","White"
"77057","Harris County","29.7422","-95.4903","George Bush Intercontinental Airport","29.9878157","-95.3414885","1","25-34","No","$75,000 or more","White"
"77057","Harris County","29.7422","-95.4903","William P. Hobby Airport","29.6524","-95.27723","1","25-34","No","$75,000 or more","White"
"77058","Harris County","29.5716","-95.0998","Baybrook Mall","29.542016","-95.148423","1","35-44","No","$75,000 or more","White"
"77058","Harris County","29.5716","-95.0998","Clear Lake","29.582613","-95.138027","1","35-44","No","$75,000 or more","Prefer not to answer"
"77058","Harris County","29.5716","-95.0998","Clear Lake","29.582613","-95.138027","1","35-44","No","$75,000 or more","White"
"77058","Harris County","29.5716","-95.0998","Downtown Houston","29.7566137","-95.3588701","1","25-34","No","$50,000-$74,999","White"
"77058","Harris County","29.5716","-95.0998","Friendswood","29.528515","-95.200012","1","25-34","Yes","Less than $15,000","White"
"77058","Harris County","29.5716","-95.0998","Galveston","29.300128","-94.795846","1","45-54","Yes","Less than $15,000","Hispanic/Latino"
"77058","Harris County","29.5716","-95.0998","Galveston","29.300128","-94.795846","2","55-64","No","$75,000 or more","White"
"77058","Harris County","29.5716","-95.0998","NASA Johnson Space Center","29.5527935","-95.093071","1","25-34","No","$50,000-$74,999","White"
"77058","Harris County","29.5716","-95.0998","Webster","29.5371685","-95.1278882","1","35-44","No","$75,000 or more","Prefer not to answer"
"77059","Harris County","29.5975","-95.1134","Clear Lake","29.582613","-95.138027","1","45-54","No","$75,000 or more","White"
"77059","Harris County","29.5975","-95.1134","Downtown Houston","29.7566137","-95.3588701","1","35-44","No","$75,000 or more","Prefer not to answer"
"77059","Harris County","29.5975","-95.1134","Downtown Houston","29.7566137","-95.3588701","1","45-54","No","$75,000 or more","White"
"77059","Harris County","29.5975","-95.1134","Galveston","29.300128","-94.795846","1","25-34","Prefer not to answer","$75,000 or more","Prefer not to answer"
"77059","Harris County","29.5975","-95.1134","Galveston","29.300128","-94.795846","1","35-44","No","$75,000 or more","Prefer not to answer"
"77059","Harris County","29.5975","-95.1134","Galveston","29.300128","-94.795846","2","45-54","No","$75,000 or more","White"
"77059","Harris County","29.5975","-95.1134","George Bush Intercontinental Airport","29.9878157","-95.3414885","1","25-34","Prefer not to answer","$75,000 or more","Prefer not to answer"
"77059","Harris County","29.5975","-95.1134","UTMB","29.31194","-94.77806","1","45-54","No","$75,000 or more","White"
"77059","Harris County","29.5975","-95.1134","William P. Hobby Airport","29.6524","-95.27723","1","25-34","No","$75,000 or more","White"
"77059","Harris County","29.5975","-95.1134","William P. Hobby Airport","29.6524","-95.27723","1","25-34","Prefer not to answer","$75,000 or more","Prefer not to answer"
"77062","Harris County","29.5721","-95.1303","Clear Lake","29.582613","-95.138027","1","55-64","No","$75,000 or more","White"
"77062","Harris County","29.5721","-95.1303","Downtown Houston","29.7566137","-95.3588701","1","55-64","No","$75,000 or more","White"
"77062","Harris County","29.5721","-95.1303","Galveston","29.300128","-94.795846","2","25-34","No","$75,000 or more","White"
"77062","Harris County","29.5721","-95.1303","Galveston","29.300128","-94.795846","1","55-64","No","$75,000 or more","White"
"77062","Harris County","29.5721","-95.1303","NASA Johnson Space Center","29.5527935","-95.093071","1","25-34","No","$75,000 or more","White"
"77062","Harris County","29.5721","-95.1303","NASA Johnson Space Center","29.5527935","-95.093071","1","35-44","Yes","$75,000 or more","Asian or Pacific Islander"
"77062","Harris County","29.5721","-95.1303","The Strand, Galveston","29.3065641954","-94.7986066281","1","55-64","No","$75,000 or more","White"
"77062","Harris County","29.5721","-95.1303","UTMB","29.31194","-94.77806","1","25-34","No","$75,000 or more","White"
"77063","Harris County","29.7348","-95.522","Ellington Airport","29.607333333","-95.15875","1","25-34","No","$75,000 or more","White"
"77063","Harris County","29.7348","-95.522","Galveston","29.300128","-94.795846","1","Under 18","No","$25,000-$49,999","Hispanic/Latino"
"77063","Harris County","29.7348","-95.522","Stafford","29.6159871","-95.5567246","1","45-54","Yes","$50,000-$74,999","White"
"77064","Harris County","29.919","-95.5569","Cypress","29.9733345","-95.6873322","1","25-34","Prefer not to answer","$75,000 or more","White"
"77064","Harris County","29.919","-95.5569","Downtown Houston","29.7566137","-95.3588701","1","25-34","Prefer not to answer","$75,000 or more","White"
"77064","Harris County","29.919","-95.5569","Greenspoint","29.745102","-95.373969","1","25-34","Prefer not to answer","$75,000 or more","White"
"77064","Harris County","29.919","-95.5569","Jersey Village","29.8872313","-95.5642446","1","25-34","Prefer not to answer","$75,000 or more","White"
"77064","Harris County","29.919","-95.5569","Pearland","29.5636884","-95.2861747","1","25-34","No","$75,000 or more","Hispanic/Latino"
"77064","Harris County","29.919","-95.5569","Willowbrook Mall","29.960172","-95.539677","1","25-34","Prefer not to answer","$75,000 or more","White"
"77065","Harris County","29.9319","-95.6106","Cypress","29.9733345","-95.6873322","1","25-34","No","$75,000 or more","Asian or Pacific Islander"
"77065","Harris County","29.9319","-95.6106","Downtown Houston","29.7566137","-95.3588701","1","25-34","No","$75,000 or more","Asian or Pacific Islander"
"77065","Harris County","29.9319","-95.6106","Galveston","29.300128","-94.795846","1","25-34","No","$75,000 or more","Asian or Pacific Islander"
"77065","Harris County","29.9319","-95.6106","Galveston","29.300128","-94.795846","1","55-64","No","$50,000-$74,999","White"
"77069","Harris County","29.9863","-95.5208","Galveston","29.300128","-94.795846","1","45-54","Yes","$25,000-$49,999","Hispanic/Latino"
"77070","Harris County","29.9781","-95.5803","Conroe","30.313044","-95.458141","1","55-64","No","Less than $15,000","White"
"77070","Harris County","29.9781","-95.5803","Fifth Ward","29.776103","-95.33271","1","18-24","No","$75,000 or more","White"
"77070","Harris County","29.9781","-95.5803","Galveston","29.300128","-94.795846","1","55-64","No","Less than $15,000","White"
"77070","Harris County","29.9781","-95.5803","Houston Heights","29.7980364","-95.3991244","1","18-24","No","$75,000 or more","White"
"77070","Harris County","29.9781","-95.5803","Kemah","29.5432111","-95.0209388","1","55-64","No","Less than $15,000","White"
"77070","Harris County","29.9781","-95.5803","University of Houston","29.7186641","-95.3400452","1","18-24","No","$75,000 or more","White"
"77072","Harris County","29.699","-95.5862","Austin","30.264979","-97.746598","1","45-54","Yes","Less than $15,000","Asian or Pacific Islander"
"77072","Harris County","29.699","-95.5862","Galveston","29.300128","-94.795846","1","45-54","Yes","Less than $15,000","Asian or Pacific Islander"
"77072","Harris County","29.699","-95.5862","San Antonio","29.4251712","-98.494614","1","45-54","Yes","Less than $15,000","Asian or Pacific Islander"
"77072","Harris County","29.699","-95.5862","Sugar Land","29.597075","-95.620971","1","45-54","Yes","Less than $15,000","Asian or Pacific Islander"
"77074","Harris County","29.6896","-95.5106","Galveston","29.300128","-94.795846","1","18-24","No","$25,000-$49,999","Hispanic/Latino"
"77074","Harris County","29.6896","-95.5106","Galveston","29.300128","-94.795846","1","25-34","No","$25,000-$49,999","Asian or Pacific Islander"
"77074","Harris County","29.6896","-95.5106","Galveston","29.300128","-94.795846","1","35-44","Prefer not to answer","Prefer not to answer","Prefer not to answer"
"77074","Harris County","29.6896","-95.5106","Galveston","29.300128","-94.795846","1","45-54","No","Less than $15,000","Hispanic/Latino"
"77074","Harris County","29.6896","-95.5106","The Woodlands","30.1820388","-95.4846124","1","18-24","No","$25,000-$49,999","Hispanic/Latino"
"77075","Harris County","29.6223","-95.26","Galveston","29.300128","-94.795846","1","25-34","No","$50,000-$74,999","Hispanic/Latino"
"77077","Harris County","29.7477","-95.603","Katy","29.7948568","-95.8165311","1","25-34","Yes","$25,000-$49,999","Prefer not to answer"
"77077","Harris County","29.7477","-95.603","Sugar Land","29.597075","-95.620971","1","35-44","No","$75,000 or more","White"
"77079","Harris County","29.7738","-95.598","Galveston","29.300128","-94.795846","1","35-44","No","$50,000-$74,999","No Response"
"77079","Harris County","29.7738","-95.598","Galveston","29.300128","-94.795846","1","35-44","No","$75,000 or more","White"
"77079","Harris County","29.7738","-95.598","Galveston","29.300128","-94.795846","1","45-54","No","$50,000-$74,999","White"
"77080","Harris County","29.8159","-95.523","Dallas","32.7779765","-96.7962148","1","35-44","No","$75,000 or more","Asian or Pacific Islander"
"77080","Harris County","29.8159","-95.523","Downtown Houston","29.7566137","-95.3588701","1","25-34","No","$75,000 or more","White"
"77080","Harris County","29.8159","-95.523","Katy","29.7948568","-95.8165311","1","35-44","Prefer not to answer","$15,000-$24,999","Asian or Pacific Islander"
"77081","Harris County","29.7119","-95.4845","Galveston","29.300128","-94.795846","1","25-34","No","$75,000 or more","Black"
"77082","Harris County","29.7223","-95.6285","Galveston","29.300128","-94.795846","1","25-34","Prefer not to answer","$75,000 or more","Prefer not to answer"
"77084","Harris County","29.844","-95.6623","Copperfield","30.6768274","-96.292597","1","65+","Yes","$75,000 or more","Black"
"77085","Harris County","29.6218","-95.4819","Gulfton","29.712297","-95.482622","1","25-34","No","$50,000-$74,999","Hispanic/Latino"
"77087","Harris County","29.6876","-95.3011","Galveston","29.300128","-94.795846","1","18-24","No","$15,000-$24,999","Hispanic/Latino"
"77087","Harris County","29.6876","-95.3011","Galveston","29.300128","-94.795846","1","18-24","No","$25,000-$49,999","Hispanic/Latino"
"77088","Harris County","29.8817","-95.4539","Energy Corridor","29.78967","-95.69371","1","25-34","No","$75,000 or more","White"
"77088","Harris County","29.8817","-95.4539","Galveston","29.300128","-94.795846","1","35-44","No","$75,000 or more","Hispanic/Latino"
"77088","Harris County","29.8817","-95.4539","William P. Hobby Airport","29.6524","-95.27723","1","35-44","No","$75,000 or more","Asian or Pacific Islander"
"77089","Harris County","29.594","-95.2218","Baybrook Mall","29.542016","-95.148423","1","18-24","No","$25,000-$49,999","Hispanic/Latino"
"77089","Harris County","29.594","-95.2218","Downtown Houston","29.7566137","-95.3588701","1","35-44","Prefer not to answer","$15,000-$24,999","Asian or Pacific Islander"
"77089","Harris County","29.594","-95.2218","Downtown Houston","29.7566137","-95.3588701","1","55-64","Yes","$75,000 or more","Hispanic/Latino"
"77089","Harris County","29.594","-95.2218","Galveston","29.300128","-94.795846","1","55-64","Yes","$75,000 or more","Hispanic/Latino"
"77089","Harris County","29.594","-95.2218","Katy","29.7948568","-95.8165311","1","35-44","Prefer not to answer","$15,000-$24,999","Asian or Pacific Islander"
"77090","Harris County","30.0167","-95.447","Westheimer Road","33.1647099895","-97.1065476689","1","45-54","No","$75,000 or more","White"
"77092","Harris County","29.8324","-95.472","Galveston","29.300128","-94.795846","1","35-44","No","$75,000 or more","White"
"77092","Harris County","29.8324","-95.472","Galveston","29.300128","-94.795846","1","35-44","Yes","$75,000 or more","White"
"77092","Harris County","29.8324","-95.472","Galveston","29.300128","-94.795846","1","65+","Yes","Less than $15,000","White"
"77095","Harris County","29.8941","-95.6481","Galveston","29.300128","-94.795846","1","55-64","No","Less than $15,000","White"
"77095","Harris County","29.8941","-95.6481","The Galleria","29.739332","-95.463878","1","35-44","No","$75,000 or more","Prefer not to answer"
"77096","Harris County","29.6722","-95.4861","Galveston","29.300128","-94.795846","1","35-44","No","$25,000-$49,999","White"
"77098","Harris County","29.735","-95.4118","Clear Lake","29.582613","-95.138027","1","25-34","No","$75,000 or more","American Indian or Alaska Native"
"77098","Harris County","29.735","-95.4118","Clear Lake","29.582613","-95.138027","1","25-34","No","$75,000 or more","Asian or Pacific Islander"
"77098","Harris County","29.735","-95.4118","Dallas","32.7779765","-96.7962148","1","45-54","No","$75,000 or more","White"
"77098","Harris County","29.735","-95.4118","Galveston","29.300128","-94.795846","1","25-34","No","$75,000 or more","White"
"77098","Harris County","29.735","-95.4118","George Bush Intercontinental Airport","29.9878157","-95.3414885","1","35-44","No","$75,000 or more","White"
"77098","Harris County","29.735","-95.4118","Kemah","29.5432111","-95.0209388","1","35-44","No","$75,000 or more","Prefer not to answer"
"77098","Harris County","29.735","-95.4118","Montrose","29.73745","-95.390851","1","25-34","No","$75,000 or more","Asian or Pacific Islander"
"77098","Harris County","29.735","-95.4118","William P. Hobby Airport","29.6524","-95.27723","1","35-44","No","$75,000 or more","White"
"77302","Montgomery County","30.2238","-95.3577","Galveston","29.300128","-94.795846","1","25-34","No","$25,000-$49,999","White"
"77302","Montgomery County","30.2238","-95.3577","Galveston","29.300128","-94.795846","1","45-54","No","$75,000 or more","White"
"77327","Liberty County","30.33","-95.0202","Galveston","29.300128","-94.795846","1","35-44","No","$50,000-$74,999","White"
"77338","Harris County","30.0041","-95.2825","Downtown Houston","29.7566137","-95.3588701","1","55-64","No","Less than $15,000","Black"
"77339","Harris County","30.0569","-95.1835","Downtown Houston","29.7566137","-95.3588701","1","35-44","No","$75,000 or more","White"
"77339","Harris County","30.0569","-95.1835","Downtown Houston","29.7566137","-95.3588701","1","35-44","Yes","$50,000-$74,999","White"
"77339","Harris County","30.0569","-95.1835","Galveston","29.300128","-94.795846","1","65+","No","$75,000 or more","Prefer not to answer"
"77339","Harris County","30.0569","-95.1835","George Bush Intercontinental Airport","29.9878157","-95.3414885","1","35-44","Yes","$50,000-$74,999","White"
"77339","Harris County","30.0569","-95.1835","Kingwood","30.052496","-95.204822","1","35-44","No","$75,000 or more","White"
"77339","Harris County","30.0569","-95.1835","Kingwood","30.052496","-95.204822","1","35-44","Yes","$50,000-$74,999","White"
"77339","Harris County","30.0569","-95.1835","Texas Medical Center","29.7117013","-95.3931416","1","35-44","No","$75,000 or more","White"
"77339","Harris County","30.0569","-95.1835","The Galleria","29.739332","-95.463878","1","35-44","No","$75,000 or more","White"
"77345","Harris County","30.0336","-95.261","Downtown Houston","29.7566137","-95.3588701","1","35-44","No","$75,000 or more","White"
"77345","Harris County","30.0336","-95.261","Galveston","29.300128","-94.795846","1","25-34","No","$75,000 or more","White"
"77345","Harris County","30.0336","-95.261","George Bush Intercontinental Airport","29.9878157","-95.3414885","1","25-34","No","$75,000 or more","White"
"77345","Harris County","30.0336","-95.261","Kingwood","30.052496","-95.204822","1","25-34","No","$15,000-$24,999","White"
"77345","Harris County","30.0336","-95.261","Kingwood","30.052496","-95.204822","1","35-44","No","$75,000 or more","White"
"77345","Harris County","30.0336","-95.261","The Woodlands","30.1820388","-95.4846124","1","25-34","No","$75,000 or more","White"
"77354","Montgomery County","30.2333","-95.5502","Galveston","29.300128","-94.795846","1","35-44","No","$75,000 or more","White"
"77354","Montgomery County","30.2333","-95.5502","Magnolia","30.207279","-95.746976","1","35-44","No","$75,000 or more","Hispanic/Latino"
"77357","Montgomery County","30.1579","-95.198","Downtown Houston","29.7566137","-95.3588701","1","25-34","No","$75,000 or more","White"
"77365","Montgomery County","30.1237","-95.2686","Galveston","29.300128","-94.795846","1","18-24","No","$25,000-$49,999","Hispanic/Latino"
"77365","Montgomery County","30.1237","-95.2686","Galveston","29.300128","-94.795846","1","45-54","No","$75,000 or more","Prefer not to answer"
"77372","Montgomery County","30.2326","-95.1993","Greenway Plaza","29.7301315967","-95.4402547376","1","45-54","No","$50,000-$74,999","White"
"77373","Harris County","30.0532","-95.3773","Galveston","29.300128","-94.795846","1","65+","No","$25,000-$49,999","White"
"77373","Harris County","30.0532","-95.3773","George Bush Intercontinental Airport","29.9878157","-95.3414885","1","25-34","No","$75,000 or more","White"
"77379","Harris County","30.0377","-95.5326","Galveston","29.300128","-94.795846","1","35-44","No","$50,000-$74,999","Hispanic/Latino"
"77382","Harris County","30.2106","-95.5257","Austin","30.264979","-97.746598","1","35-44","Prefer not to answer","$75,000 or more","Prefer not to answer"
"77382","Harris County","30.2106","-95.5257","Dallas","32.7779765","-96.7962148","1","35-44","Prefer not to answer","$75,000 or more","Prefer not to answer"
"77382","Harris County","30.2106","-95.5257","Downtown Houston","29.7566137","-95.3588701","1","35-44","No","$75,000 or more","White"
"77382","Harris County","30.2106","-95.5257","Galveston","29.300128","-94.795846","1","35-44","Prefer not to answer","$75,000 or more","Prefer not to answer"
"77385","Montgomery County","30.1877","-95.4288","Downtown Houston","29.7566137","-95.3588701","1","65+","No","$15,000-$24,999","White"
"77386","Montgomery County","30.1288","-95.4239","Austin","30.264979","-97.746598","1","35-44","No","$75,000 or more","White"
"77386","Montgomery County","30.1288","-95.4239","Dallas","32.7779765","-96.7962148","1","35-44","No","$75,000 or more","White"
"77386","Montgomery County","30.1288","-95.4239","Downtown Houston","29.7566137","-95.3588701","1","35-44","No","$25,000-$49,999","White"
"77386","Montgomery County","30.1288","-95.4239","Downtown Houston","29.7566137","-95.3588701","1","35-44","No","$75,000 or more","White"
"77386","Montgomery County","30.1288","-95.4239","Galveston","29.300128","-94.795846","1","35-44","No","$25,000-$49,999","White"
"77386","Montgomery County","30.1288","-95.4239","Galveston","29.300128","-94.795846","1","35-44","No","$50,000-$74,999","White"
"77386","Montgomery County","30.1288","-95.4239","Galveston","29.300128","-94.795846","1","35-44","No","$75,000 or more","White"
"77386","Montgomery County","30.1288","-95.4239","Kemah","29.5432111","-95.0209388","1","35-44","No","$25,000-$49,999","White"
"77386","Montgomery County","30.1288","-95.4239","NASA Johnson Space Center","29.5527935","-95.093071","1","35-44","No","$25,000-$49,999","White"
"77396","Harris County","29.9507","-95.2622","Humble","29.999022","-95.261315","1","25-34","No","$50,000-$74,999","White"
"77401","Harris County","29.7023","-95.4611","Katy","29.7948568","-95.8165311","1","18-24","Yes","$75,000 or more","Black"
"77401","Harris County","29.7023","-95.4611","Sugar Land","29.597075","-95.620971","1","18-24","Yes","$75,000 or more","Black"
"77406","Fort Bend County","29.6436","-95.798","Galveston","29.300128","-94.795846","1","55-64","No","$75,000 or more","White"
"77407","Fort Bend County","29.6625","-95.7272","Downtown Houston","29.7566137","-95.3588701","1","25-34","No","$25,000-$49,999","Asian or Pacific Islander"
"77407","Fort Bend County","29.6625","-95.7272","Galveston","29.300128","-94.795846","1","25-34","No","$25,000-$49,999","Asian or Pacific Islander"
"77423","Waller County","29.8072","-95.9755","Katy","29.7948568","-95.8165311","1","35-44","No","$75,000 or more","White"
"77429","Harris County","29.9766","-95.6358","Galveston","29.300128","-94.795846","1","25-34","No","$25,000-$49,999","Hispanic/Latino"
"77429","Harris County","29.9766","-95.6358","Galveston","29.300128","-94.795846","1","65+","No","$75,000 or more","White"
"77429","Harris County","29.9766","-95.6358","Galveston Seawall","29.28877","-94.78954","1","65+","No","$75,000 or more","White"
"77429","Harris County","29.9766","-95.6358","The Strand, Galveston","29.3065641954","-94.7986066281","1","65+","No","$75,000 or more","White"
"77429","Harris County","29.9766","-95.6358","The Woodlands","30.1820388","-95.4846124","1","Under 18","No","$75,000 or more","White"
"77433","Harris County","29.8836","-95.7025","George Bush Intercontinental Airport","29.9878157","-95.3414885","1","55-64","No","$75,000 or more","Asian or Pacific Islander"
"77433","Harris County","29.8836","-95.7025","Katy","29.7948568","-95.8165311","1","25-34","No","$50,000-$74,999","Black"
"77433","Harris County","29.8836","-95.7025","Katy","29.7948568","-95.8165311","1","25-34","No","$75,000 or more","Hispanic/Latino"
"77433","Harris County","29.8836","-95.7025","Tomball","30.0972053","-95.6160055","1","25-34","No","$75,000 or more","Hispanic/Latino"
"77433","Harris County","29.8836","-95.7025","William P. Hobby Airport","29.6524","-95.27723","1","55-64","No","$75,000 or more","Asian or Pacific Islander"
"77441","Fort Bend County","29.7217","-95.8977","Downtown Houston","29.7566137","-95.3588701","1","55-64","No","$75,000 or more","Prefer not to answer"
"77441","Fort Bend County","29.7217","-95.8977","Galveston","29.300128","-94.795846","1","55-64","No","$75,000 or more","Prefer not to answer"
"77441","Fort Bend County","29.7217","-95.8977","Jersey Village","29.8872313","-95.5642446","1","45-54","No","$75,000 or more","White"
"77441","Fort Bend County","29.7217","-95.8977","Katy","29.7948568","-95.8165311","1","18-24","No","$75,000 or more","Asian or Pacific Islander"
"77441","Fort Bend County","29.7217","-95.8977","Sugar Land","29.597075","-95.620971","1","55-64","No","$75,000 or more","Prefer not to answer"
"77445","Waller County","30.092","-96.0716","Cypress","29.9733345","-95.6873322","1","55-64","Yes","$15,000-$24,999","American Indian or Alaska Native"
"77445","Waller County","30.092","-96.0716","Cypress","29.9733345","-95.6873322","1","65+","No","$50,000-$74,999","Black"
"77449","Harris County","29.8323","-95.736","Downtown Houston","29.7566137","-95.3588701","1","35-44","No","$75,000 or more","White"
"77449","Harris County","29.8323","-95.736","Galveston","29.300128","-94.795846","1","18-24","No","$15,000-$24,999","Hispanic/Latino"
"77449","Harris County","29.8323","-95.736","Galveston","29.300128","-94.795846","1","35-44","No","$75,000 or more","White"
"77449","Harris County","29.8323","-95.736","George Bush Intercontinental Airport","29.9878157","-95.3414885","1","25-34","Yes","$25,000-$49,999","American Indian or Alaska Native"
"77449","Harris County","29.8323","-95.736","Hermann Park","29.7104426","-95.3911205","1","35-44","No","$75,000 or more","White"
"77449","Harris County","29.8323","-95.736","Katy","29.7948568","-95.8165311","1","25-34","Yes","$25,000-$49,999","American Indian or Alaska Native"
"77449","Harris County","29.8323","-95.736","Katy","29.7948568","-95.8165311","1","35-44","No","$75,000 or more","Black"
"77449","Harris County","29.8323","-95.736","Katy","29.7948568","-95.8165311","2","35-44","No","$75,000 or more","White"
"77449","Harris County","29.8323","-95.736","Texas Medical Center","29.7117013","-95.3931416","1","35-44","No","$75,000 or more","White"
"77449","Harris County","29.8323","-95.736","William P. Hobby Airport","29.6524","-95.27723","1","25-34","Yes","$25,000-$49,999","American Indian or Alaska Native"
"77450","Harris County","29.745","-95.7326","Downtown Houston","29.7566137","-95.3588701","1","35-44","No","$75,000 or more","White"
"77450","Harris County","29.745","-95.7326","Galveston","29.300128","-94.795846","1","25-34","No","$75,000 or more","White"
"77450","Harris County","29.745","-95.7326","Galveston","29.300128","-94.795846","1","65+","Yes","$75,000 or more","White"
"77450","Harris County","29.745","-95.7326","Houston Museum District","29.7298922","-95.3866012","1","35-44","No","$75,000 or more","White"
"77450","Harris County","29.745","-95.7326","Katy","29.7948568","-95.8165311","1","35-44","No","$75,000 or more","White"
"77450","Harris County","29.745","-95.7326","Katy","29.7948568","-95.8165311","1","45-54","No","$50,000-$74,999","White"
"77450","Harris County","29.745","-95.7326","Katy","29.7948568","-95.8165311","1","55-64","Yes","$25,000-$49,999","White"
"77450","Harris County","29.745","-95.7326","Texas Medical Center","29.7117013","-95.3931416","1","45-54","No","$50,000-$74,999","White"
"77459","Fort Bend County","29.5704","-95.5423","Downtown Houston","29.7566137","-95.3588701","1","45-54","No","$75,000 or more","White"
"77459","Fort Bend County","29.5704","-95.5423","Sienna","29.48752","-95.507643","1","45-54","No","$75,000 or more","White"
"77459","Fort Bend County","29.5704","-95.5423","Sugar Land","29.597075","-95.620971","1","25-34","No","$25,000-$49,999","Black"
"77459","Fort Bend County","29.5704","-95.5423","Texas Medical Center","29.7117013","-95.3931416","1","45-54","No","$75,000 or more","White"
"77459","Fort Bend County","29.5704","-95.5423","The Galleria","29.739332","-95.463878","1","18-24","No","Less than $15,000","White"
"77459","Fort Bend County","29.5704","-95.5423","University of Houston","29.7186641","-95.3400452","1","18-24","Prefer not to answer","Less than $15,000","Asian or Pacific Islander"
"77466","Waller County","29.8173","-96.0073","Brookshire","29.786298","-95.9513","1","25-34","Yes","$75,000 or more","White"
"77469","Fort Bend County","29.5511","-95.7329","Downtown Houston","29.7566137","-95.3588701","1","35-44","No","$75,000 or more","White"
"77469","Fort Bend County","29.5511","-95.7329","George Bush Intercontinental Airport","29.9878157","-95.3414885","1","65+","Yes","$50,000-$74,999","Prefer not to answer"
"77469","Fort Bend County","29.5511","-95.7329","Sugar Land","29.597075","-95.620971","1","65+","Prefer not to answer","$25,000-$49,999","White"
"77469","Fort Bend County","29.5511","-95.7329","Wharton","29.310835","-96.100089","1","45-54","No","Less than $15,000","Black"
"77471","Fort Bend County","29.5497","-95.7982","Galveston","29.300128","-94.795846","1","65+","No","$15,000-$24,999","Black"
"77471","Fort Bend County","29.5497","-95.7982","George Bush Intercontinental Airport","29.9878157","-95.3414885","1","35-44","No","$75,000 or more","White"
"77471","Fort Bend County","29.5497","-95.7982","Wharton","29.310835","-96.100089","1","65+","No","$15,000-$24,999","Black"
"77471","Fort Bend County","29.5497","-95.7982","William P. Hobby Airport","29.6524","-95.27723","1","35-44","No","$75,000 or more","White"
"77474","Austin County","29.7826","-96.1592","Galveston","29.300128","-94.795846","1","18-24","No","Less than $15,000","Hispanic/Latino"
"77474","Austin County","29.7826","-96.1592","Katy","29.7948568","-95.8165311","1","65+","Yes","$15,000-$24,999","Black"
"77474","Austin County","29.7826","-96.1592","Katy","29.7948568","-95.8165311","1","65+","Yes","Less than $15,000","Prefer not to answer"
"77477","Fort Bend County","29.6228","-95.5678","Downtown Houston","29.7566137","-95.3588701","1","25-34","No","Less than $15,000","Black"
"77477","Fort Bend County","29.6228","-95.5678","Galveston","29.300128","-94.795846","1","35-44","Yes","$75,000 or more","White"
"77477","Fort Bend County","29.6228","-95.5678","Stafford","29.6159871","-95.5567246","1","25-34","No","Less than $15,000","Black"
"77477","Fort Bend County","29.6228","-95.5678","Texas Medical Center","29.7117013","-95.3931416","1","45-54","No","$75,000 or more","White"
"77478","Fort Bend County","29.6196","-95.607","Austin","30.264979","-97.746598","1","25-34","No","$75,000 or more","Asian or Pacific Islander"
"77478","Fort Bend County","29.6196","-95.607","Dallas","32.7779765","-96.7962148","1","25-34","No","$75,000 or more","Asian or Pacific Islander"
"77478","Fort Bend County","29.6196","-95.607","Houston Museum District","29.7298922","-95.3866012","1","35-44","No","$75,000 or more","White"
"77478","Fort Bend County","29.6196","-95.607","Katy","29.7948568","-95.8165311","1","25-34","No","$75,000 or more","Asian or Pacific Islander"
"77478","Fort Bend County","29.6196","-95.607","Pearland","29.5636884","-95.2861747","1","25-34","No","$75,000 or more","Asian or Pacific Islander"
"77478","Fort Bend County","29.6196","-95.607","Sugar Land","29.597075","-95.620971","1","25-34","No","$75,000 or more","Asian or Pacific Islander"
"77478","Fort Bend County","29.6196","-95.607","Sugar Land","29.597075","-95.620971","1","35-44","No","$75,000 or more","White"
"77479","Fort Bend County","29.5785","-95.6066","Alief","29.71106","-95.59633","1","18-24","No","$75,000 or more","Asian or Pacific Islander"
"77479","Fort Bend County","29.5785","-95.6066","Chinatown","29.7051998","-95.5435523","1","18-24","No","$75,000 or more","Asian or Pacific Islander"
"77479","Fort Bend County","29.5785","-95.6066","Downtown Houston","29.7566137","-95.3588701","1","18-24","No","$75,000 or more","Asian or Pacific Islander"
"77479","Fort Bend County","29.5785","-95.6066","Downtown Houston","29.7566137","-95.3588701","1","18-24","No","$75,000 or more","Prefer not to answer"
"77479","Fort Bend County","29.5785","-95.6066","Ellington Airport","29.607333333","-95.15875","1","18-24","No","$75,000 or more","Asian or Pacific Islander"
"77479","Fort Bend County","29.5785","-95.6066","Galveston","29.300128","-94.795846","1","18-24","No","$25,000-$49,999","White"
"77479","Fort Bend County","29.5785","-95.6066","Galveston","29.300128","-94.795846","1","18-24","No","$75,000 or more","Asian or Pacific Islander"
"77479","Fort Bend County","29.5785","-95.6066","Galveston","29.300128","-94.795846","1","18-24","No","$75,000 or more","Prefer not to answer"
"77479","Fort Bend County","29.5785","-95.6066","Houston Heights","29.7980364","-95.3991244","1","45-54","No","Prefer not to answer","Prefer not to answer"
"77479","Fort Bend County","29.5785","-95.6066","Katy","29.7948568","-95.8165311","1","18-24","No","$75,000 or more","Asian or Pacific Islander"
"77479","Fort Bend County","29.5785","-95.6066","Katy","29.7948568","-95.8165311","1","45-54","No","$75,000 or more","White"
"77479","Fort Bend County","29.5785","-95.6066","League City","29.507507","-95.095204","1","18-24","No","$75,000 or more","Asian or Pacific Islander"
"77479","Fort Bend County","29.5785","-95.6066","Minute Maid Park","29.7561297","-95.3557455","1","18-24","No","$75,000 or more","Asian or Pacific Islander"
"77479","Fort Bend County","29.5785","-95.6066","NASA Johnson Space Center","29.5527935","-95.093071","1","18-24","No","$75,000 or more","Asian or Pacific Islander"
"77479","Fort Bend County","29.5785","-95.6066","NRG Park","29.68737","-95.41234","1","18-24","No","$75,000 or more","Prefer not to answer"
"77479","Fort Bend County","29.5785","-95.6066","Richmond","29.576349","-95.765327","1","45-54","No","$75,000 or more","White"
"77479","Fort Bend County","29.5785","-95.6066","Sharpstown","29.7041","-95.525251","1","18-24","No","$75,000 or more","Asian or Pacific Islander"
"77479","Fort Bend County","29.5785","-95.6066","Sugar Land","29.597075","-95.620971","1","18-24","No","$75,000 or more","Asian or Pacific Islander"
"77479","Fort Bend County","29.5785","-95.6066","Sugar Land","29.597075","-95.620971","1","35-44","No","$75,000 or more","White"
"77479","Fort Bend County","29.5785","-95.6066","Texas Medical Center","29.7117013","-95.3931416","1","18-24","No","$75,000 or more","Asian or Pacific Islander"
"77479","Fort Bend County","29.5785","-95.6066","The Woodlands","30.1820388","-95.4846124","1","18-24","No","$75,000 or more","Asian or Pacific Islander"
"77479","Fort Bend County","29.5785","-95.6066","William P. Hobby Airport","29.6524","-95.27723","1","18-24","No","$75,000 or more","Prefer not to answer"
"77488","Wharton County","29.3205","-96.0858","Rosenberg","29.558248","-95.808826","1","45-54","No","$15,000-$24,999","Black"
"77489","Fort Bend County","29.5962","-95.5115","Galveston","29.300128","-94.795846","1","45-54","No","$15,000-$24,999","Asian or Pacific Islander"
"77493","Harris County","29.8678","-95.8298","Galveston","29.300128","-94.795846","1","45-54","No","$15,000-$24,999","Hispanic/Latino"
"77493","Harris County","29.8678","-95.8298","Katy","29.7948568","-95.8165311","1","45-54","No","$15,000-$24,999","Hispanic/Latino"
"77493","Harris County","29.8678","-95.8298","Katy","29.7948568","-95.8165311","1","65+","Yes","$25,000-$49,999","Prefer not to answer"
"77493","Harris County","29.8678","-95.8298","Sugar Land","29.597075","-95.620971","1","45-54","No","$15,000-$24,999","Hispanic/Latino"
"77493","Harris County","29.8678","-95.8298","The Woodlands","30.1820388","-95.4846124","1","45-54","No","$15,000-$24,999","Hispanic/Latino"
"77494","Harris County","29.7404","-95.8304","Bellaire","29.704482","-95.455438","1","18-24","No","$50,000-$74,999","Prefer not to answer"
"77494","Harris County","29.7404","-95.8304","Dallas","32.7779765","-96.7962148","1","35-44","No","$75,000 or more","White"
"77494","Harris County","29.7404","-95.8304","Downtown Houston","29.7566137","-95.3588701","1","18-24","No","$50,000-$74,999","Prefer not to answer"
"77494","Harris County","29.7404","-95.8304","Downtown Houston","29.7566137","-95.3588701","1","Under 18","No","$75,000 or more","Asian or Pacific Islander"
"77494","Harris County","29.7404","-95.8304","Energy Corridor","29.78967","-95.69371","1","35-44","No","$75,000 or more","Asian or Pacific Islander"
"77494","Harris County","29.7404","-95.8304","Galveston","29.300128","-94.795846","1","35-44","No","$75,000 or more","White"
"77494","Harris County","29.7404","-95.8304","Galveston","29.300128","-94.795846","1","45-54","No","$25,000-$49,999","White"
"77494","Harris County","29.7404","-95.8304","Galveston","29.300128","-94.795846","1","65+","No","$75,000 or more","Asian or Pacific Islander"
"77494","Harris County","29.7404","-95.8304","George Bush Intercontinental Airport","29.9878157","-95.3414885","1","65+","No","$75,000 or more","Prefer not to answer"
"77494","Harris County","29.7404","-95.8304","Katy","29.7948568","-95.8165311","1","Under 18","No","$75,000 or more","Asian or Pacific Islander"
"77494","Harris County","29.7404","-95.8304","NRG Stadium","29.6848655","-95.4108122","1","Under 18","No","$75,000 or more","Asian or Pacific Islander"
"77494","Harris County","29.7404","-95.8304","Texas Medical Center","29.7117013","-95.3931416","1","18-24","No","$50,000-$74,999","Prefer not to answer"
"77494","Harris County","29.7404","-95.8304","The Galleria","29.739332","-95.463878","1","Under 18","No","$75,000 or more","Asian or Pacific Islander"
"77494","Harris County","29.7404","-95.8304","William P. Hobby Airport","29.6524","-95.27723","1","65+","No","$75,000 or more","Prefer not to answer"
"77504","Harris County","29.6501","-95.1885","Dunlavy Street","29.7411995006","-95.4020506631","1","18-24","No","$75,000 or more","Hispanic/Latino"
"77504","Harris County","29.6501","-95.1885","Pasadena","29.693379","-95.1933326","1","18-24","No","$75,000 or more","Hispanic/Latino"
"77506","Harris County","29.7009","-95.1989","Baytown","29.732081","-94.967821","1","25-34","Yes","Less than $15,000","White"
"77506","Harris County","29.7009","-95.1989","Clear Lake","29.582613","-95.138027","1","25-34","Yes","Less than $15,000","White"
"77506","Harris County","29.7009","-95.1989","NASA Johnson Space Center","29.5527935","-95.093071","1","25-34","Yes","Less than $15,000","White"
"77506","Harris County","29.7009","-95.1989","Pasadena","29.693379","-95.1933326","1","25-34","Yes","Less than $15,000","White"
"77506","Harris County","29.7009","-95.1989","Pasadena","29.693379","-95.1933326","1","45-54","Yes","$25,000-$49,999","White"
"77506","Harris County","29.7009","-95.1989","Pearland","29.5636884","-95.2861747","1","25-34","Yes","Less than $15,000","White"
"77510","Galveston County","29.4032","-95.0734","Galveston","29.300128","-94.795846","1","35-44","No","$50,000-$74,999","Hispanic/Latino"
"77510","Galveston County","29.4032","-95.0734","Galveston","29.300128","-94.795846","1","45-54","No","$75,000 or more","White"
"77510","Galveston County","29.4032","-95.0734","Galveston","29.300128","-94.795846","1","55-64","No","$50,000-$74,999","White"
"77510","Galveston County","29.4032","-95.0734","Galveston Seawall","29.28877","-94.78954","1","55-64","No","$50,000-$74,999","White"
"77510","Galveston County","29.4032","-95.0734","League City","29.507507","-95.095204","1","65+","Yes","$50,000-$74,999","White"
"77510","Galveston County","29.4032","-95.0734","Santa Fe","29.372791","-95.089504","1","35-44","No","$50,000-$74,999","Hispanic/Latino"
"77510","Galveston County","29.4032","-95.0734","Texas City","29.384016","-94.902549","1","65+","Yes","$50,000-$74,999","White"
"77510","Galveston County","29.4032","-95.0734","Texas Medical Center","29.7117013","-95.3931416","1","45-54","Yes","$75,000 or more","American Indian or Alaska Native"
"77510","Galveston County","29.4032","-95.0734","UTMB","29.31194","-94.77806","1","65+","Yes","$50,000-$74,999","White"
"77511","Brazoria County","29.412","-95.2515","Alvin","29.423834","-95.244078","1","25-34","No","$75,000 or more","Hispanic/Latino"
"77511","Brazoria County","29.412","-95.2515","Alvin","29.423834","-95.244078","1","25-34","Yes","$25,000-$49,999","Hispanic/Latino"
"77511","Brazoria County","29.412","-95.2515","Freeport","28.953725","-95.358504","1","18-24","No","$75,000 or more","White"
"77511","Brazoria County","29.412","-95.2515","Freeport","28.953725","-95.358504","1","35-44","No","$50,000-$74,999","White"
"77511","Brazoria County","29.412","-95.2515","Galveston","29.300128","-94.795846","1","35-44","No","$50,000-$74,999","White"
"77511","Brazoria County","29.412","-95.2515","Galveston","29.300128","-94.795846","1","35-44","No","$75,000 or more","White"
"77511","Brazoria County","29.412","-95.2515","Galveston","29.300128","-94.795846","1","55-64","Yes","$75,000 or more","White"
"77511","Brazoria County","29.412","-95.2515","Katy","29.7948568","-95.8165311","1","18-24","No","$75,000 or more","White"
"77511","Brazoria County","29.412","-95.2515","The Galleria","29.739332","-95.463878","1","35-44","No","$50,000-$74,999","White"
"77511","Brazoria County","29.412","-95.2515","The Woodlands","30.1820388","-95.4846124","1","18-24","No","$75,000 or more","White"
"77515","Brazoria County","29.181","-95.4467","Galveston","29.300128","-94.795846","1","25-34","Prefer not to answer","$75,000 or more","White"
"77515","Brazoria County","29.181","-95.4467","Galveston","29.300128","-94.795846","1","65+","Yes","$25,000-$49,999","White"
"77515","Brazoria County","29.181","-95.4467","La Porte","29.6641635","-95.0192828","1","25-34","Prefer not to answer","$75,000 or more","White"
"77518","Galveston County","29.5055","-94.9893","Galveston","29.300128","-94.795846","1","45-54","No","$75,000 or more","White"
"77518","Galveston County","29.5055","-94.9893","Galveston","29.300128","-94.795846","1","55-64","No","$75,000 or more","White"
"77520","Harris County","29.7461","-94.9653","Baytown","29.732081","-94.967821","1","45-54","No","Less than $15,000","Hispanic/Latino"
"77520","Harris County","29.7461","-94.9653","Galveston","29.300128","-94.795846","2","45-54","No","Less than $15,000","Hispanic/Latino"
"77521","Harris County","29.7705","-94.9695","Garth Road","29.7620241307","-94.4817344702","1","35-44","No","$75,000 or more","Hispanic/Latino"
"77521","Harris County","29.7705","-94.9695","MD Anderson Cancer Center","30.0012","-95.5613","1","65+","Yes","$15,000-$24,999","White"
"77523","Chambers County","29.77","-94.8608","The Galleria","29.739332","-95.463878","1","25-34","No","$75,000 or more","White"
"77530","Harris County","29.7914","-95.1317","Pasadena","29.693379","-95.1933326","1","18-24","No","$75,000 or more","Hispanic/Latino"
"77531","Brazoria County","29.0325","-95.4026","Clute","29.02512","-95.395964","1","35-44","No","Less than $15,000","Black"
"77532","Harris County","29.9249","-95.0578","Galveston","29.300128","-94.795846","1","25-34","No","$50,000-$74,999","Hispanic/Latino"
"77536","Harris County","29.6826","-95.1222","Baytown","29.732081","-94.967821","1","35-44","Yes","$75,000 or more","Prefer not to answer"
"77536","Harris County","29.6826","-95.1222","Channelview","29.7888395","-95.1368461","1","35-44","Yes","$75,000 or more","Prefer not to answer"
"77536","Harris County","29.6826","-95.1222","Downtown Houston","29.7566137","-95.3588701","1","35-44","Yes","$75,000 or more","Prefer not to answer"
"77536","Harris County","29.6826","-95.1222","Galena Park","29.744823","-95.236083","1","35-44","Yes","$75,000 or more","Prefer not to answer"
"77536","Harris County","29.6826","-95.1222","Galveston","29.300128","-94.795846","1","35-44","Prefer not to answer","Less than $15,000","White"
"77536","Harris County","29.6826","-95.1222","Galveston","29.300128","-94.795846","1","35-44","Yes","$75,000 or more","Prefer not to answer"
"77536","Harris County","29.6826","-95.1222","La Porte","29.6641635","-95.0192828","1","35-44","Yes","$75,000 or more","Prefer not to answer"
"77536","Harris County","29.6826","-95.1222","Pasadena","29.693379","-95.1933326","1","35-44","Yes","$75,000 or more","Prefer not to answer"
"77539","Galveston County","29.4585","-95.0345","Austin","30.264979","-97.746598","1","55-64","Yes","$50,000-$74,999","White"
"77539","Galveston County","29.4585","-95.0345","Baybrook Mall","29.542016","-95.148423","1","65+","No","Prefer not to answer","White"
"77539","Galveston County","29.4585","-95.0345","Dallas","32.7779765","-96.7962148","1","55-64","Yes","$50,000-$74,999","White"
"77539","Galveston County","29.4585","-95.0345","Dickinson","29.460726","-95.051812","1","18-24","Yes","Less than $15,000","Black"
"77539","Galveston County","29.4585","-95.0345","Dickinson","29.460726","-95.051812","1","45-54","No","$75,000 or more","White"
"77539","Galveston County","29.4585","-95.0345","Dickinson","29.460726","-95.051812","1","65+","No","$75,000 or more","Black"
"77539","Galveston County","29.4585","-95.0345","Downtown Houston","29.7566137","-95.3588701","1","45-54","No","$75,000 or more","White"
"77539","Galveston County","29.4585","-95.0345","Galveston","29.300128","-94.795846","1","18-24","Yes","Less than $15,000","Black"
"77539","Galveston County","29.4585","-95.0345","League City","29.507507","-95.095204","1","45-54","No","$75,000 or more","White"
"77539","Galveston County","29.4585","-95.0345","League City","29.507507","-95.095204","1","65+","No","$75,000 or more","Black"
"77539","Galveston County","29.4585","-95.0345","Moody Gardens","29.272762","-94.852509","1","18-24","Yes","Less than $15,000","Black"
"77539","Galveston County","29.4585","-95.0345","San Antonio","29.4251712","-98.494614","1","55-64","Yes","$50,000-$74,999","White"
"77541","Brazoria County","29.0357","-95.3379","Galveston","29.300128","-94.795846","1","55-64","No","$25,000-$49,999","White"
"77546","Galveston County","29.5224","-95.1879","Friendswood","29.528515","-95.200012","1","45-54","No","$25,000-$49,999","White"
"77546","Galveston County","29.5224","-95.1879","Galveston","29.300128","-94.795846","1","25-34","No","$75,000 or more","Hispanic/Latino"
"77546","Galveston County","29.5224","-95.1879","Galveston","29.300128","-94.795846","1","45-54","No","$25,000-$49,999","White"
"77546","Galveston County","29.5224","-95.1879","Galveston","29.300128","-94.795846","1","45-54","No","$50,000-$74,999","White"
"77546","Galveston County","29.5224","-95.1879","Galveston","29.300128","-94.795846","1","55-64","No","$75,000 or more","Hispanic/Latino"
"77546","Galveston County","29.5224","-95.1879","League City","29.507507","-95.095204","1","45-54","No","$25,000-$49,999","White"
"77546","Galveston County","29.5224","-95.1879","NRG Park","29.68737","-95.41234","1","35-44","No","$75,000 or more","Asian or Pacific Islander"
"77546","Galveston County","29.5224","-95.1879","William P. Hobby Airport","29.6524","-95.27723","1","55-64","No","$75,000 or more","White"
"77547","Harris County","29.7392","-95.24","Channelview","29.7888395","-95.1368461","1","65+","Prefer not to answer","$15,000-$24,999","Hispanic/Latino"
"77547","Harris County","29.7392","-95.24","Galena Park","29.744823","-95.236083","1","65+","Prefer not to answer","$15,000-$24,999","Hispanic/Latino"
"77550","Galveston County","29.2983","-94.793","Austin","30.264979","-97.746598","1","25-34","No","$50,000-$74,999","White"
"77550","Galveston County","29.2983","-94.793","Austin","30.264979","-97.746598","1","25-34","No","$75,000 or more","Asian or Pacific Islander"
"77550","Galveston County","29.2983","-94.793","Baybrook Mall","29.542016","-95.148423","1","65+","No","$25,000-$49,999","White"
"77550","Galveston County","29.2983","-94.793","Dallas","32.7779765","-96.7962148","1","65+","No","$75,000 or more","White"
"77550","Galveston County","29.2983","-94.793","Downtown Houston","29.7566137","-95.3588701","1","18-24","No","Less than $15,000","Asian or Pacific Islander"
"77550","Galveston County","29.2983","-94.793","Downtown Houston","29.7566137","-95.3588701","1","25-34","No","$75,000 or more","Hispanic/Latino"
"77550","Galveston County","29.2983","-94.793","Downtown Houston","29.7566137","-95.3588701","1","35-44","No","$75,000 or more","White"
"77550","Galveston County","29.2983","-94.793","Downtown Houston","29.7566137","-95.3588701","1","45-54","No","$50,000-$74,999","White"
"77550","Galveston County","29.2983","-94.793","Downtown Houston","29.7566137","-95.3588701","1","55-64","No","$25,000-$49,999","White"
"77550","Galveston County","29.2983","-94.793","Downtown Houston","29.7566137","-95.3588701","1","55-64","No","$75,000 or more","White"
"77550","Galveston County","29.2983","-94.793","Downtown Houston","29.7566137","-95.3588701","1","65+","No","$75,000 or more","White"
"77550","Galveston County","29.2983","-94.793","Galveston","29.300128","-94.795846","1","18-24","No","Less than $15,000","Hispanic/Latino"
"77550","Galveston County","29.2983","-94.793","Galveston","29.300128","-94.795846","1","18-24","No","Less than $15,000","White"
"77550","Galveston County","29.2983","-94.793","Galveston","29.300128","-94.795846","1","25-34","No","$25,000-$49,999","Hispanic/Latino"
"77550","Galveston County","29.2983","-94.793","Galveston","29.300128","-94.795846","1","25-34","No","$25,000-$49,999","White"
"77550","Galveston County","29.2983","-94.793","Galveston","29.300128","-94.795846","1","25-34","No","$75,000 or more","Asian or Pacific Islander"
"77550","Galveston County","29.2983","-94.793","Galveston","29.300128","-94.795846","1","25-34","No","$75,000 or more","White"
"77550","Galveston County","29.2983","-94.793","Galveston","29.300128","-94.795846","1","25-34","No","Less than $15,000","Asian or Pacific Islander"
"77550","Galveston County","29.2983","-94.793","Galveston","29.300128","-94.795846","1","35-44","No","$50,000-$74,999","White"
"77550","Galveston County","29.2983","-94.793","Galveston","29.300128","-94.795846","1","45-54","No","$50,000-$74,999","White"
"77550","Galveston County","29.2983","-94.793","Galveston","29.300128","-94.795846","3","45-54","No","$75,000 or more","White"
"77550","Galveston County","29.2983","-94.793","Galveston","29.300128","-94.795846","1","55-64","No","$25,000-$49,999","White"
"77550","Galveston County","29.2983","-94.793","Galveston","29.300128","-94.795846","2","55-64","No","$75,000 or more","White"
"77550","Galveston County","29.2983","-94.793","Galveston","29.300128","-94.795846","1","65+","No","$25,000-$49,999","White"
"77550","Galveston County","29.2983","-94.793","Galveston","29.300128","-94.795846","1","65+","No","$75,000 or more","Hispanic/Latino"
"77550","Galveston County","29.2983","-94.793","Galveston","29.300128","-94.795846","1","65+","Yes","$15,000-$24,999","White"
"77550","Galveston County","29.2983","-94.793","Galveston","29.300128","-94.795846","1","65+","Yes","$75,000 or more","White"
"77550","Galveston County","29.2983","-94.793","George Bush Intercontinental Airport","29.9878157","-95.3414885","1","18-24","No","$15,000-$24,999","Asian or Pacific Islander"
"77550","Galveston County","29.2983","-94.793","George Bush Intercontinental Airport","29.9878157","-95.3414885","1","25-34","No","$15,000-$24,999","Prefer not to answer"
"77550","Galveston County","29.2983","-94.793","George Bush Intercontinental Airport","29.9878157","-95.3414885","2","45-54","No","$75,000 or more","White"
"77550","Galveston County","29.2983","-94.793","George Bush Intercontinental Airport","29.9878157","-95.3414885","1","55-64","No","$75,000 or more","White"
"77550","Galveston County","29.2983","-94.793","Houston Museum District","29.7298922","-95.3866012","1","65+","No","$75,000 or more","White"
"77550","Galveston County","29.2983","-94.793","Katy","29.7948568","-95.8165311","1","35-44","No","$50,000-$74,999","White"
"77550","Galveston County","29.2983","-94.793","League City","29.507507","-95.095204","1","55-64","Yes","$75,000 or more","Black"
"77550","Galveston County","29.2983","-94.793","MD Anderson Cancer Center","30.0012","-95.5613","1","55-64","Yes","$75,000 or more","Black"
"77550","Galveston County","29.2983","-94.793","Moody Gardens","29.272762","-94.852509","1","35-44","No","$75,000 or more","Hispanic/Latino"
"77550","Galveston County","29.2983","-94.793","NRG Park","29.68737","-95.41234","1","35-44","No","$50,000-$74,999","White"
"77550","Galveston County","29.2983","-94.793","Pelican Island","28.37815","-96.39216","1","45-54","Prefer not to answer","$15,000-$24,999","White"
"77550","Galveston County","29.2983","-94.793","Pelican Island","28.37815","-96.39216","1","55-64","No","$75,000 or more","White"
"77550","Galveston County","29.2983","-94.793","Texas City","29.384016","-94.902549","1","65+","Prefer not to answer","$25,000-$49,999","Prefer not to answer"
"77550","Galveston County","29.2983","-94.793","Texas Medical Center","29.7117013","-95.3931416","1","45-54","No","$75,000 or more","White"
"77550","Galveston County","29.2983","-94.793","UTMB","29.31194","-94.77806","1","25-34","No","$25,000-$49,999","Hispanic/Latino"
"77550","Galveston County","29.2983","-94.793","UTMB","29.31194","-94.77806","1","25-34","No","$25,000-$49,999","White"
"77550","Galveston County","29.2983","-94.793","UTMB","29.31194","-94.77806","1","25-34","No","Less than $15,000","Black"
"77550","Galveston County","29.2983","-94.793","UTMB","29.31194","-94.77806","1","65+","Yes","Less than $15,000","White"
"77550","Galveston County","29.2983","-94.793","University of Houston-Clear Lake","29.578522","-95.104162","1","55-64","No","$75,000 or more","White"
"77550","Galveston County","29.2983","-94.793","Webster","29.5371685","-95.1278882","1","25-34","No","$75,000 or more","White"
"77550","Galveston County","29.2983","-94.793","Webster","29.5371685","-95.1278882","1","65+","Prefer not to answer","$15,000-$24,999","Prefer not to answer"
"77550","Galveston County","29.2983","-94.793","William P. Hobby Airport","29.6524","-95.27723","1","18-24","No","$15,000-$24,999","Asian or Pacific Islander"
"77550","Galveston County","29.2983","-94.793","William P. Hobby Airport","29.6524","-95.27723","1","25-34","No","$15,000-$24,999","Prefer not to answer"
"77550","Galveston County","29.2983","-94.793","William P. Hobby Airport","29.6524","-95.27723","2","45-54","No","$75,000 or more","White"
"77550","Galveston County","29.2983","-94.793","William P. Hobby Airport","29.6524","-95.27723","1","65+","Yes","$15,000-$24,999","White"
"77551","Galveston County","29.2766","-94.8303","Austin","30.264979","-97.746598","1","18-24","No","$75,000 or more","Asian or Pacific Islander"
"77551","Galveston County","29.2766","-94.8303","Dallas","32.7779765","-96.7962148","1","25-34","No","$75,000 or more","White"
"77551","Galveston County","29.2766","-94.8303","Dallas","32.7779765","-96.7962148","1","35-44","No","$75,000 or more","White"
"77551","Galveston County","29.2766","-94.8303","Downtown Houston","29.7566137","-95.3588701","1","25-34","No","$75,000 or more","White"
"77551","Galveston County","29.2766","-94.8303","Downtown Houston","29.7566137","-95.3588701","1","65+","No","$75,000 or more","Hispanic/Latino"
"77551","Galveston County","29.2766","-94.8303","Galveston","29.300128","-94.795846","1","25-34","No","$15,000-$24,999","White"
"77551","Galveston County","29.2766","-94.8303","Galveston","29.300128","-94.795846","1","45-54","No","$75,000 or more","White"
"77551","Galveston County","29.2766","-94.8303","Galveston","29.300128","-94.795846","2","55-64","No","$75,000 or more","White"
"77551","Galveston County","29.2766","-94.8303","Galveston","29.300128","-94.795846","1","65+","No","$75,000 or more","White"
"77551","Galveston County","29.2766","-94.8303","George Bush Intercontinental Airport","29.9878157","-95.3414885","1","35-44","No","$75,000 or more","White"
"77551","Galveston County","29.2766","-94.8303","Pelican Island","28.37815","-96.39216","1","45-54","No","$75,000 or more","White"
"77551","Galveston County","29.2766","-94.8303","Texarkana","33.44221","-94.06408","1","45-54","No","$75,000 or more","White"
"77551","Galveston County","29.2766","-94.8303","Texas Medical Center","29.7117013","-95.3931416","1","55-64","No","$75,000 or more","White"
"77551","Galveston County","29.2766","-94.8303","Texas Medical Center","29.7117013","-95.3931416","1","65+","Yes","$25,000-$49,999","Black"
"77551","Galveston County","29.2766","-94.8303","University of Houston","29.7186641","-95.3400452","1","25-34","No","$25,000-$49,999","Hispanic/Latino"
"77551","Galveston County","29.2766","-94.8303","Webster","29.5371685","-95.1278882","1","65+","Yes","$25,000-$49,999","Black"
"77551","Galveston County","29.2766","-94.8303","William P. Hobby Airport","29.6524","-95.27723","1","35-44","No","$75,000 or more","White"
"77551","Galveston County","29.2766","-94.8303","William P. Hobby Airport","29.6524","-95.27723","1","65+","No","$50,000-$74,999","Hispanic/Latino"
"77551","Galveston County","29.2766","-94.8303","William P. Hobby Airport","29.6524","-95.27723","1","65+","No","$75,000 or more","White"
"77551","Galveston County","29.2766","-94.8303","William P. Hobby Airport","29.6524","-95.27723","1","65+","Yes","$25,000-$49,999","White"
"77554","Galveston County","29.2243","-94.9637","Downtown Houston","29.7566137","-95.3588701","1","18-24","No","$15,000-$24,999","White"
"77554","Galveston County","29.2243","-94.9637","Downtown Houston","29.7566137","-95.3588701","1","45-54","No","$75,000 or more","Hispanic/Latino"
"77554","Galveston County","29.2243","-94.9637","Galveston","29.300128","-94.795846","1","18-24","No","$15,000-$24,999","White"
"77554","Galveston County","29.2243","-94.9637","Galveston","29.300128","-94.795846","1","25-34","No","$75,000 or more","White"
"77554","Galveston County","29.2243","-94.9637","Galveston","29.300128","-94.795846","1","55-64","No","$50,000-$74,999","White"
"77554","Galveston County","29.2243","-94.9637","George Bush Intercontinental Airport","29.9878157","-95.3414885","1","65+","No","$75,000 or more","White"
"77554","Galveston County","29.2243","-94.9637","Pelican Island","28.37815","-96.39216","1","18-24","No","$15,000-$24,999","White"
"77554","Galveston County","29.2243","-94.9637","Texas Medical Center","29.7117013","-95.3931416","1","65+","Yes","$25,000-$49,999","White"
"77554","Galveston County","29.2243","-94.9637","William P. Hobby Airport","29.6524","-95.27723","1","65+","No","$25,000-$49,999","White"
"77554","Galveston County","29.2243","-94.9637","William P. Hobby Airport","29.6524","-95.27723","1","65+","Yes","$75,000 or more","White"
"77563","Galveston County","29.3398","-94.9926","George Bush Intercontinental Airport","29.9878157","-95.3414885","1","65+","Yes","$50,000-$74,999","Prefer not to answer"
"77563","Galveston County","29.3398","-94.9926","William P. Hobby Airport","29.6524","-95.27723","1","65+","Yes","$50,000-$74,999","Prefer not to answer"
"77565","Galveston County","29.5236","-95.0276","Galveston","29.300128","-94.795846","1","35-44","Prefer not to answer","$75,000 or more","Black"
"77566","Brazoria County","29.0393","-95.4401","Galveston","29.300128","-94.795846","1","25-34","No","$25,000-$49,999","White"
"77568","Galveston County","29.3676","-94.9742","Downtown Houston","29.7566137","-95.3588701","1","25-34","Prefer not to answer","$75,000 or more","Hispanic/Latino"
"77568","Galveston County","29.3676","-94.9742","Galveston","29.300128","-94.795846","1","25-34","Prefer not to answer","$75,000 or more","Hispanic/Latino"
"77568","Galveston County","29.3676","-94.9742","Galveston","29.300128","-94.795846","1","45-54","No","$15,000-$24,999","Black"
"77568","Galveston County","29.3676","-94.9742","Galveston","29.300128","-94.795846","1","45-54","No","$25,000-$49,999","Prefer not to answer"
"77573","Galveston County","29.5173","-95.0963","Austin","30.264979","-97.746598","1","25-34","No","$75,000 or more","Prefer not to answer"
"77573","Galveston County","29.5173","-95.0963","Austin","30.264979","-97.746598","1","55-64","No","$75,000 or more","White"
"77573","Galveston County","29.5173","-95.0963","Clear Lake","29.582613","-95.138027","1","45-54","No","$75,000 or more","White"
"77573","Galveston County","29.5173","-95.0963","Clear Lake","29.582613","-95.138027","1","65+","No","$75,000 or more","Black"
"77573","Galveston County","29.5173","-95.0963","Clear Lake","29.582613","-95.138027","1","65+","Yes","$75,000 or more","White"
"77573","Galveston County","29.5173","-95.0963","Dallas","32.7779765","-96.7962148","1","55-64","No","$75,000 or more","White"
"77573","Galveston County","29.5173","-95.0963","Downtown Houston","29.7566137","-95.3588701","1","35-44","No","$75,000 or more","White"
"77573","Galveston County","29.5173","-95.0963","Downtown Houston","29.7566137","-95.3588701","2","45-54","No","$75,000 or more","White"
"77573","Galveston County","29.5173","-95.0963","Downtown Houston","29.7566137","-95.3588701","3","65+","No","$75,000 or more","White"
"77573","Galveston County","29.5173","-95.0963","Energy Corridor","29.78967","-95.69371","1","45-54","No","$75,000 or more","White"
"77573","Galveston County","29.5173","-95.0963","Galveston","29.300128","-94.795846","1","18-24","Yes","$25,000-$49,999","White"
"77573","Galveston County","29.5173","-95.0963","Galveston","29.300128","-94.795846","1","25-34","No","$50,000-$74,999","Hispanic/Latino"
"77573","Galveston County","29.5173","-95.0963","Galveston","29.300128","-94.795846","1","25-34","No","$75,000 or more","Prefer not to answer"
"77573","Galveston County","29.5173","-95.0963","Galveston","29.300128","-94.795846","1","25-34","No","$75,000 or more","White"
"77573","Galveston County","29.5173","-95.0963","Galveston","29.300128","-94.795846","1","45-54","No","$50,000-$74,999","Prefer not to answer"
"77573","Galveston County","29.5173","-95.0963","Galveston","29.300128","-94.795846","1","45-54","No","$75,000 or more","Asian or Pacific Islander"
"77573","Galveston County","29.5173","-95.0963","Galveston","29.300128","-94.795846","2","45-54","No","$75,000 or more","White"
"77573","Galveston County","29.5173","-95.0963","Galveston","29.300128","-94.795846","1","45-54","Prefer not to answer","$75,000 or more","White"
"77573","Galveston County","29.5173","-95.0963","Galveston","29.300128","-94.795846","1","55-64","No","$25,000-$49,999","White"
"77573","Galveston County","29.5173","-95.0963","Galveston","29.300128","-94.795846","1","55-64","No","Prefer not to answer","Prefer not to answer"
"77573","Galveston County","29.5173","-95.0963","Galveston","29.300128","-94.795846","2","65+","No","$50,000-$74,999","White"
"77573","Galveston County","29.5173","-95.0963","Galveston","29.300128","-94.795846","1","65+","No","$75,000 or more","Hispanic/Latino"
"77573","Galveston County","29.5173","-95.0963","Galveston","29.300128","-94.795846","1","65+","No","$75,000 or more","White"
"77573","Galveston County","29.5173","-95.0963","Galveston Seawall","29.28877","-94.78954","1","45-54","No","$75,000 or more","Asian or Pacific Islander"
"77573","Galveston County","29.5173","-95.0963","George Bush Intercontinental Airport","29.9878157","-95.3414885","1","25-34","No","$75,000 or more","Prefer not to answer"
"77573","Galveston County","29.5173","-95.0963","George Bush Intercontinental Airport","29.9878157","-95.3414885","1","25-34","No","$75,000 or more","White"
"77573","Galveston County","29.5173","-95.0963","George Bush Intercontinental Airport","29.9878157","-95.3414885","1","65+","No","$75,000 or more","White"
"77573","Galveston County","29.5173","-95.0963","George Bush Intercontinental Airport","29.9878157","-95.3414885","1","65+","Yes","$25,000-$49,999","White"
"77573","Galveston County","29.5173","-95.0963","Kemah","29.5432111","-95.0209388","1","25-34","No","$50,000-$74,999","White"
"77573","Galveston County","29.5173","-95.0963","Kemah Boardwalk","29.5472949","-95.020199","1","35-44","No","Less than $15,000","Prefer not to answer"
"77573","Galveston County","29.5173","-95.0963","League City","29.507507","-95.095204","1","18-24","No","$50,000-$74,999","White"
"77573","Galveston County","29.5173","-95.0963","League City","29.507507","-95.095204","1","25-34","No","$50,000-$74,999","Asian or Pacific Islander"
"77573","Galveston County","29.5173","-95.0963","League City","29.507507","-95.095204","1","25-34","No","$50,000-$74,999","White"
"77573","Galveston County","29.5173","-95.0963","League City","29.507507","-95.095204","2","35-44","No","$75,000 or more","White"
"77573","Galveston County","29.5173","-95.0963","League City","29.507507","-95.095204","1","45-54","No","$50,000-$74,999","White"
"77573","Galveston County","29.5173","-95.0963","League City","29.507507","-95.095204","1","65+","No","$75,000 or more","White"
"77573","Galveston County","29.5173","-95.0963","Magnolia","30.207279","-95.746976","1","35-44","No","$75,000 or more","White"
"77573","Galveston County","29.5173","-95.0963","Moody Gardens","29.272762","-94.852509","1","35-44","No","$75,000 or more","Prefer not to answer"
"77573","Galveston County","29.5173","-95.0963","Moody Gardens","29.272762","-94.852509","1","45-54","No","$75,000 or more","Asian or Pacific Islander"
"77573","Galveston County","29.5173","-95.0963","NASA Johnson Space Center","29.5527935","-95.093071","1","25-34","No","$75,000 or more","Asian or Pacific Islander"
"77573","Galveston County","29.5173","-95.0963","NASA Johnson Space Center","29.5527935","-95.093071","1","25-34","No","$75,000 or more","Prefer not to answer"
"77573","Galveston County","29.5173","-95.0963","NASA Johnson Space Center","29.5527935","-95.093071","1","35-44","No","$75,000 or more","White"
"77573","Galveston County","29.5173","-95.0963","NRG Park","29.68737","-95.41234","1","35-44","No","$75,000 or more","White"
"77573","Galveston County","29.5173","-95.0963","San Antonio","29.4251712","-98.494614","1","25-34","No","$75,000 or more","Prefer not to answer"
"77573","Galveston County","29.5173","-95.0963","Texas Medical Center","29.7117013","-95.3931416","1","35-44","Yes","$75,000 or more","White"
"77573","Galveston County","29.5173","-95.0963","Toyota Center","29.7501922","-95.3625121","1","35-44","No","$75,000 or more","White"
"77573","Galveston County","29.5173","-95.0963","UTMB","29.31194","-94.77806","1","25-34","No","$25,000-$49,999","White"
"77573","Galveston County","29.5173","-95.0963","UTMB","29.31194","-94.77806","1","65+","No","$75,000 or more","White"
"77573","Galveston County","29.5173","-95.0963","William P. Hobby Airport","29.6524","-95.27723","1","25-34","No","$75,000 or more","Prefer not to answer"
"77573","Galveston County","29.5173","-95.0963","William P. Hobby Airport","29.6524","-95.27723","1","25-34","No","$75,000 or more","White"
"77573","Galveston County","29.5173","-95.0963","William P. Hobby Airport","29.6524","-95.27723","1","35-44","No","$75,000 or more","White"
"77573","Galveston County","29.5173","-95.0963","William P. Hobby Airport","29.6524","-95.27723","1","65+","No","$75,000 or more","White"
"77573","Galveston County","29.5173","-95.0963","William P. Hobby Airport","29.6524","-95.27723","1","65+","Yes","$25,000-$49,999","White"
"77578","Brazoria County","29.4694","-95.3503","Downtown Houston","29.7566137","-95.3588701","1","35-44","Yes","$75,000 or more","Asian or Pacific Islander"
"77578","Brazoria County","29.4694","-95.3503","Manvel","29.467162","-95.356056","1","35-44","Yes","$75,000 or more","Asian or Pacific Islander"
"77581","Brazoria County","29.5617","-95.2721","Galveston","29.300128","-94.795846","1","45-54","No","$75,000 or more","White"
"77581","Brazoria County","29.5617","-95.2721","George Bush Intercontinental Airport","29.9878157","-95.3414885","1","45-54","No","$75,000 or more","Prefer not to answer"
"77581","Brazoria County","29.5617","-95.2721","William P. Hobby Airport","29.6524","-95.27723","1","45-54","No","$75,000 or more","Prefer not to answer"
"77583","Brazoria County","29.4203","-95.4537","Downtown Houston","29.7566137","-95.3588701","1","35-44","No","$75,000 or more","White"
"77583","Brazoria County","29.4203","-95.4537","Galveston","29.300128","-94.795846","1","65+","Prefer not to answer","$25,000-$49,999","Hispanic/Latino"
"77583","Brazoria County","29.4203","-95.4537","Pearland","29.5636884","-95.2861747","1","35-44","No","$75,000 or more","Asian or Pacific Islander"
"77583","Brazoria County","29.4203","-95.4537","Texas Medical Center","29.7117013","-95.3931416","1","35-44","No","$75,000 or more","White"
"77584","Brazoria County","29.5405","-95.3208","Downtown Houston","29.7566137","-95.3588701","2","35-44","No","$75,000 or more","White"
"77584","Brazoria County","29.5405","-95.3208","Downtown Houston","29.7566137","-95.3588701","1","55-64","No","$50,000-$74,999","White"
"77584","Brazoria County","29.5405","-95.3208","Galveston","29.300128","-94.795846","1","35-44","No","$75,000 or more","White"
"77584","Brazoria County","29.5405","-95.3208","Galveston","29.300128","-94.795846","1","45-54","Yes","$75,000 or more","White"
"77584","Brazoria County","29.5405","-95.3208","Pearland","29.5636884","-95.2861747","2","35-44","No","$75,000 or more","White"
"77584","Brazoria County","29.5405","-95.3208","Pearland","29.5636884","-95.2861747","1","65+","Yes","$50,000-$74,999","White"
"77584","Brazoria County","29.5405","-95.3208","Texas Medical Center","29.7117013","-95.3931416","1","35-44","No","$75,000 or more","Asian or Pacific Islander"
"77584","Brazoria County","29.5405","-95.3208","Texas Medical Center","29.7117013","-95.3931416","1","45-54","Yes","$75,000 or more","White"
"77584","Brazoria County","29.5405","-95.3208","Texas Medical Center","29.7117013","-95.3931416","1","65+","Yes","$50,000-$74,999","White"
"77586","Harris County","29.5832","-95.037","Baytown","29.732081","-94.967821","1","35-44","No","$75,000 or more","White"
"77586","Harris County","29.5832","-95.037","Kemah Boardwalk","29.5472949","-95.020199","1","35-44","No","$75,000 or more","White"
"77586","Harris County","29.5832","-95.037","La Porte","29.6641635","-95.0192828","1","35-44","No","$75,000 or more","White"
"77586","Harris County","29.5832","-95.037","Pasadena","29.693379","-95.1933326","1","35-44","No","$75,000 or more","White"
"77586","Harris County","29.5832","-95.037","William P. Hobby Airport","29.6524","-95.27723","1","35-44","No","$75,000 or more","White"
"77590","Galveston County","29.397","-94.9203","Downtown Houston","29.7566137","-95.3588701","1","35-44","No","$75,000 or more","White"
"77590","Galveston County","29.397","-94.9203","Galveston","29.300128","-94.795846","1","25-34","Prefer not to answer","$75,000 or more","Prefer not to answer"
"77590","Galveston County","29.397","-94.9203","Galveston","29.300128","-94.795846","1","45-54","Yes","Less than $15,000","White"
"77590","Galveston County","29.397","-94.9203","Moody Gardens","29.272762","-94.852509","1","55-64","No","$75,000 or more","White"
"77590","Galveston County","29.397","-94.9203","Texas City","29.384016","-94.902549","1","25-34","Prefer not to answer","$75,000 or more","Prefer not to answer"
"77591","Galveston County","29.3891","-94.9942","Hitchcock","29.348368","-95.016175","1","25-34","No","$50,000-$74,999","Black"
"77591","Galveston County","29.3891","-94.9942","Missouri City","29.5961868","-95.5266922","1","25-34","No","$50,000-$74,999","Black"
"77591","Galveston County","29.3891","-94.9942","Texas City","29.384016","-94.902549","1","18-24","No","$25,000-$49,999","Black"
"77598","Harris County","29.5564","-95.144","Alvin","29.423834","-95.244078","1","35-44","Yes","$25,000-$49,999","White"
"77598","Harris County","29.5564","-95.144","Austin","30.264979","-97.746598","1","35-44","Yes","$25,000-$49,999","White"
"77598","Harris County","29.5564","-95.144","Fuqua Street","27.9985257482","-97.0704347217","1","35-44","Yes","$25,000-$49,999","White"
"77598","Harris County","29.5564","-95.144","Galveston","29.300128","-94.795846","1","35-44","Yes","$25,000-$49,999","White"
"77598","Harris County","29.5564","-95.144","Katy","29.7948568","-95.8165311","1","25-34","No","$75,000 or more","Prefer not to answer"
"77598","Harris County","29.5564","-95.144","Pearland","29.5636884","-95.2861747","1","25-34","No","$75,000 or more","Prefer not to answer"
"77598","Harris County","29.5564","-95.144","Sugar Land","29.597075","-95.620971","1","25-34","No","$75,000 or more","Prefer not to answer"
"77598","Harris County","29.5564","-95.144","Webster","29.5371685","-95.1278882","2","35-44","Yes","$25,000-$49,999","White"
"77650","Galveston County","29.4266","-94.6861","The Strand, Galveston","29.3065641954","-94.7986066281","1","25-34","No","$25,000-$49,999","White"
